1532095519411150000,1,0,0,0,0,0,0,0,1,0,0,0,0,0.36965,0,0.0996815,1,0,0,0,1.5125606305463E-017,0,6.24395404255612E-025,0,0.9999989875,0,0,0,-1.02042243696662E-015,0.3696488938,-1.38777600174947E-017,0.0996812017,-1.115587528,-0.8383205006,0.4329660774,1.4066603825,-0.3497476196,1.0557622773,0.2017184736,1.0331360606,-0.9246069199,-0.3355582973,1.5067526289,0.2485048876,1.0914273306,-0.0697961258,-0.0006754617,0.000334061,0.0004951834,-0.0001060182,0.0006989887,-0.0001894414,-0.000847507,-0.0006663833,-0.0002365942,0.000557579,7.49761136854594E-005,0.0006776516,0.0001655243,-0.0007814899,0.0028460511,1.24879080851E-024,1532095519.41,519.4100000858
1532095521247160000,1,0,0,0,0,0,0,0,1,0,0,0,0,0.3696500007,0,0.0996815007,1,0,0,0,1.41264148564532E-006,0.0004396861,-0.001637513,0.0009398609,0.9999500362,-0.0046213883,0.0084064318,0.0024244165,0.001475064,0.3655629591,-0.002368379,0.0966532545,-1.1205729656,-0.8241311783,0.4291311254,1.4124128104,-0.3489806292,1.0511603349,0.2021019688,1.0373545078,-0.911184588,-0.3367087829,1.516723504,0.2431359549,1.0849079122,-0.0705631162,-0.0057897652,0.0145016109,0.0049070995,-0.0170492247,0.005645974,0.0062024397,-0.0013449866,0.0034282685,0.0127132254,0.0001142811,-0.0178474183,0.0024260273,0.0083880703,-0.0027276513,0.0234850651,0.0038771697,1532095521.25,521.25
1532095522106690000,1,0,0,0,0,0,0,0,1,0,0,0,0,0.36969179,0,0.09972329,1,0,0,0,2.62585659959852E-005,-0.0012232228,-0.0018084572,0.00085073,0.9998208847,-0.0073677184,0.0171724645,0.0026466835,0.0024704631,0.3615682802,-0.0031049812,0.0934123275,-1.1259418983,-0.8084078752,0.4298981158,1.4208497048,-0.3482136388,1.0526943157,0.2021019688,1.0385049934,-0.8935438089,-0.3367087829,1.520558456,0.2423689645,1.0814564555,-0.070179621,-0.0123496345,0.0235322911,0.0090517395,-0.0279582857,0.0108668461,0.0095023257,-0.0053503705,0.0027202258,0.0217212954,0.0015322639,-0.0352822391,0.0062097235,0.0177792664,-0.009365087,0.0436764365,0.0046863773,1532095522.11,522.1099998951
1532095522954900000,1,0,0,0,0,0,0,0,1,0,0,0,0,0.3697765563,0,0.0998080563,1,0,0,0,1.13813066957126E-005,0.0003501976,-0.0019974735,0.0031241032,0.9997323713,-0.0073422533,0.0218065615,0.0019329261,0.002541497,0.3610727775,-0.0032397843,0.0935987816,-1.1267088887,-0.8045729232,0.4295146206,1.4150972768,-0.3482136388,1.0526943157,0.2001844928,1.037738003,-0.8847234194,-0.3370922781,1.5209419512,0.2450534309,1.0822234459,-0.0713301066,-0.0173516419,0.0268129743,0.010063307,-0.0303424448,0.0134929815,0.0092523848,-0.0084012107,-0.0002985675,0.0262917913,0.001035326,-0.0390257403,0.0074587158,0.0171451169,-0.0122473317,0.0520394837,0.0074491771,1532095522.95,522.9500000477
1532095523805320000,1,0,0,0,0,0,0,0,1,0,0,0,0,0.3699037212,0,0.0999352212,1,0,0,0,1.1437996766811E-006,0.0016478938,-0.002650278,0.0044143551,0.9996882031,-0.0065686194,0.023891021,0.002749081,0.0021958807,0.3614060301,-0.0033022804,0.0937176548,-1.1267088887,-0.7992039905,0.430281611,1.4039759161,-0.3478301437,1.0569127629,0.1990340072,1.0365875174,-0.8778205059,-0.334791307,1.516723504,0.2469709068,1.0837574266,-0.0724805922,-0.0192946034,0.0287440863,0.0103531298,-0.0318608163,0.014326382,0.0095803017,-0.0092227251,-0.0008637476,0.0285045359,0.0004701072,-0.0396178335,0.0076001612,0.0161222573,-0.0123643015,0.0555482825,0.0108122262,1532095523.81,523.8099999428
1532095524658970000,1,0,0,0,0,0,0,0,1,0,0,0,0,0.3700734178,0,0.1001049178,1,0,0,0,1.17047625074244E-005,-0.0001359019,-0.0016621458,0.003288058,0.999714831,-0.0045896614,0.023371147,-0.000986693,0.0018214869,0.3625909735,-0.0027818198,0.0930212399,-1.1270923839,-0.7930680673,0.4295146206,1.3986069834,-0.348597134,1.059213734,0.1971165312,1.0285341183,-0.8724515731,-0.332873831,1.5090536001,0.2515728492,1.0852914074,-0.0724805922,-0.0184390173,0.0223192083,0.0094579496,-0.0251600385,0.0134052662,0.0072677878,-0.0109838333,-0.004014061,0.0223719362,0.0024165925,-0.0356413402,0.0087834601,0.0162791405,-0.0146804708,0.0519841501,0.0073736078,1532095524.66,524.6600000858
1532095525511200000,1,0,0,0,0,0,0,0,1,0,0,0,0,0.3702857974,0,0.1003172974,1,0,0,0,-2.66724010535317E-006,0.001320006,-0.0025147452,0.0029014172,0.9997116419,-0.0037022221,0.0235838047,0.0021736734,0.001227969,0.3630086189,-0.0036458428,0.0930712264,-1.1274758791,-0.7880826298,0.4295146206,1.388252613,-0.3459126677,1.0618982004,0.1940485697,1.0281506231,-0.8701506019,-0.3313398502,1.5044516577,0.2523398396,1.0879758738,-0.0774660298,-0.017334848,0.0279211183,0.010255289,-0.0307570181,0.0133366717,0.0095745478,-0.0082427831,-0.0001500857,0.0256920613,0.0012262357,-0.0366489046,0.0075198571,0.0164838771,-0.0114966808,0.0526588917,0.0081202416,1532095525.51,525.5099999905
1532095526369440000,1,0,0,0,0,0,0,0,1,0,0,0,0,0.3705407876,0,0.1005722876,1,0,0,0,4.23747083347446E-006,0.0004361974,-0.0021154809,0.001877295,0.9997432503,-0.0024455502,0.0224226599,0.0016351558,0.0008095938,0.3638161547,-0.0031753357,0.0926787525,-1.1267088887,-0.7850146682,0.4298981158,1.3844176611,-0.3443786869,1.0665001428,0.1905971129,1.0254661567,-0.8678496307,-0.3298058694,1.4983157346,0.2546408108,1.0895098546,-0.077849525,-0.0156015933,0.0250358647,0.0098982694,-0.0285407754,0.0123097236,0.0093378522,-0.0080743569,-0.0003968664,0.0218101846,0.0023226242,-0.0336261048,0.0076889092,0.0166833928,-0.0116004318,0.0493507613,0.0057235527,1532095526.37,526.3699998856
1532095527228790000,1,0,0,0,0,0,0,0,1,0,0,0,0,0.3708386908,0,0.1008701908,1,0,0,0,8.23674080926897E-006,0.0005066396,-0.002332112,0.0029034251,0.9997130284,-0.0013326947,0.0238495541,0.0011338614,0.0004567328,0.3644616423,-0.0031653726,0.0922573802,-1.1278593743,-0.7796457354,0.430281611,1.3748302811,-0.3424612109,1.0684176188,0.1898301225,1.0208642143,-0.858645746,-0.3259709174,1.4910293258,0.256941782,1.090276845,-0.0782330202,-0.0163461411,0.0246917625,0.0101524855,-0.0286933996,0.0125461647,0.0098980721,-0.0089915838,-0.0011666075,0.021803009,0.0027798913,-0.0331882319,0.0082013005,0.0164029848,-0.0123555317,0.0515039207,0.00751673,1532095527.23,527.2300000191
1532095528072910000,1,0,0,0,0,0,0,0,1,0,0,0,0,0.371179561,0,0.101211061,1,0,0,0,6.11916405939862E-006,0.0003411934,-0.002080142,0.0019917569,0.9996858184,0.0004438048,0.0249782612,0.001468846,-0.0002150032,0.3644430332,-0.0032872855,0.0921163884,-1.1274758791,-0.7746602979,0.4298981158,1.3709953292,-0.3420777157,1.0722525707,0.1871456561,1.0174127576,-0.854810794,-0.3248204318,1.4868108787,0.2603932387,1.0933448066,-0.0824514673,0.0046776979,-0.0196599288,-0.0041268348,0.0014203133,-0.0027331935,0.0030341235,0.0037158973,-4.3466899973376E-006,-0.017340355,0.0048393744,0.0018569298,0.0027902129,0.0004335477,0.0034389824,0.0539170231,0.0058001722,1532095528.07,528.0699999332
1532095528922010000,1,0,0,0,0,0,0,0,1,0,0,0,0,0.3715626421,0,0.1015941421,1,0,0,0,2.1025789754269E-005,-0.001098534,-0.0017676994,0.0012921148,0.9997472077,0.0003778709,0.0224147472,0.0009812437,-0.0001501607,0.3653430873,-0.0034774281,0.0917365793,-1.1282428695,-0.7754272883,0.430281611,1.3713788244,-0.3424612109,1.0722525707,0.1875291513,1.0151117864,-0.854810794,-0.3244369366,1.4810584507,0.2600097435,1.0937283018,-0.0820679722,-0.0124418479,0.0232004785,0.010121519,-0.0289866002,0.0108270796,0.0112713093,-0.0066188749,0.0013191941,0.0187355408,0.0037410645,-0.031619492,0.0076669185,0.017944906,-0.0110925086,0.0487010976,0.0048994281,1532095528.92,528.9200000763
1532095529774790000,1,0,0,0,0,0,0,0,1,0,0,0,0,0.3719881809,0,0.1020196809,1,0,0,0,1.09887731627187E-006,0.0006288273,-0.0015876423,0.0018606919,0.9997137948,0.0015288277,0.02381452,0.0009296805,-0.0005756511,0.365667264,-0.0029257594,0.0926336017,-1.1270923839,-0.7738933075,0.4314320966,1.36294193,-0.3401602397,1.0764710179,0.1844611897,1.0151117864,-0.854810794,-0.3240534414,1.4818254411,0.2619272195,1.0960292729,-0.0828349625,-0.0155237144,0.0237432822,0.0103225158,-0.0289774112,0.0122605416,0.0103280096,-0.0089304651,-0.0019764315,0.018489808,0.0039834548,-0.030943485,0.0087693377,0.0168262797,-0.0130960348,0.0512686734,0.0050510221,1532095529.77,529.7699999809
1532095530624810000,1,0,0,0,0,0,0,0,1,0,0,0,0,0.3724563499,0,0.1024878499,1,0,0,0,4.95258138181673E-006,0.0006108533,-0.0009849275,0.0022610174,0.9996907401,0.0017063171,0.0247521973,0.0009211437,-0.000641595,0.3659162826,-0.0027562086,0.0925475067,-1.1267088887,-0.7719758315,0.432199087,1.3591069781,-0.3378592685,1.0783884939,0.1836941993,1.0135778056,-0.8502088517,-0.323286451,1.4772234987,0.2626942099,1.0979467489,-0.0832184577,-0.015768124,0.0236656989,0.0106546074,-0.0297965919,0.0125338152,0.0109590543,-0.0092004828,-0.0027249778,0.0182717497,0.0044545872,-0.0313328835,0.009264032,0.0172399608,-0.0141289628,0.0532127341,0.0050815052,1532095530.62,530.6199998856
1532095531484900000,1,0,0,0,0,0,0,0,1,0,0,0,0,0.3729670209,0,0.1029985209,1,0,0,0,8.43682580977572E-006,0.0007552321,-0.0019894486,0.0028319152,0.9997152398,0.0033380666,0.0234418556,0.0026054203,-0.0013889648,0.3671949249,-0.0033328063,0.0924900051,-1.1278593743,-0.7696748603,0.4329660774,1.3499030933,-0.3374757733,1.0826069411,0.1798592474,1.010509844,-0.8444564237,-0.3202184895,1.4672526236,0.2653786763,1.0994807297,-0.0866699145,-0.0126918203,0.0250710746,0.0106251261,-0.0327362299,0.0108561136,0.0137818212,-0.0062172346,0.0014488174,0.0187633248,0.0038759409,-0.0291544166,0.0076195176,0.0163298755,-0.0105723808,0.0511295065,0.0070846382,1532095531.48,531.4800000191
1532095532340890000,1,0,0,0,0,0,0,0,1,0,0,0,0,0.3735206991,0,0.1035521991,1,0,0,0,6.00332820921597E-006,5.29261283211402E-005,-0.0019463112,0.001273453,0.9996622948,0.0050059464,0.0253829339,0.0019894002,-0.0019461579,0.3667792308,-0.0028885015,0.0918578908,-1.1286263647,-0.7620049564,0.4333495726,1.3464516366,-0.3355582973,1.086441893,0.1779417714,1.0070583872,-0.8398544814,-0.3171505279,1.4638011668,0.2676796475,1.1021651961,-0.0870534097,0.0068188624,-0.0231768122,-0.0061270832,0.0020904175,-0.0052948123,0.0054922961,0.0060565681,0.0012685531,-0.0193846639,0.0039392584,0.0014158378,0.0014740131,0.0024790435,0.0049505057,0.055698757,0.0046530038,1532095532.34,532.3399999142
1532095533185620000,1,0,0,0,0,0,0,0,1,0,0,0,0,0.3741171749,0,0.1041486749,1,0,0,0,0.000016346,-0.0017435806,-0.0018452107,-0.0006233979,0.9997434461,0.005842215,0.0217449338,0.002021116,-0.0022753152,0.367948349,-0.0027229136,0.0911910239,-1.1286263647,-0.7616214612,0.4337330678,1.347218627,-0.3355582973,1.0856749026,0.1783252666,1.0055244065,-0.8402379766,-0.3167670327,1.4557477677,0.2692136283,1.1033156817,-0.0874369049,-0.0079476688,0.0195258726,0.0099275925,-0.0310774325,0.0081694536,0.015017615,-0.0046030707,0.0032051992,0.0101887519,0.0064714859,-0.0255223954,0.007757134,0.0193006473,-0.0098041996,0.0495539541,0.0052281931,1532095533.19,533.1900000572
1532095534035320000,1,0,0,0,0,0,0,0,1,0,0,0,0,0.3747558888,0,0.1047873888,1,0,0,0,1.1215868567557E-005,-0.0006347165,-0.0016779725,0.0004683632,0.9996987681,0.0061063781,0.0236319637,0.0021519323,-0.0023858393,0.3677563505,-0.0025060057,0.0923277745,-1.1274758791,-0.7616214612,0.4345000582,1.3406992086,-0.3340243166,1.0929613114,0.177174781,1.0059079017,-0.8402379766,-0.3167670327,1.4565147581,0.2692136283,1.1063836433,-0.0874369049,-0.0116440578,0.0218648977,0.0107629981,-0.0330143497,0.0102757967,0.0147629537,-0.0069701993,0.0006700292,0.0128202504,0.0064389784,-0.0286916894,0.0090142558,0.0196076517,-0.0124025089,0.0532945184,0.0037082723,1532095534.04,534.0399999619
1532095534928910000,1,0,0,0,0,0,0,0,1,0,0,0,0,0.3754370901,0,0.1054685901,1,0,0,0,5.8122998392628E-006,0.0001439502,-0.0014018366,0.0012547083,0.9996891378,0.006596415,0.0238980484,0.0022394879,-0.0025835429,0.3685739034,-0.0023522004,0.0927383278,-1.1278593743,-0.7608544708,0.4364175342,1.3334127999,-0.3317233454,1.0960292729,0.1737233242,1.0051409113,-0.837170015,-0.3167670327,1.4519128157,0.2707476091,1.1086846144,-0.0882038953,-0.011552073,0.0217119394,0.0108408471,-0.0340789928,0.0101617783,0.015771191,-0.0068222834,0.0002283193,0.0119608897,0.0066937054,-0.0269028552,0.0090712423,0.018626033,-0.0124418877,0.053954195,0.0037736774,1532095534.93,534.9300000668
1532095535750280000,1,0,0,0,0,0,0,0,1,0,0,0,0,0.3761629711,0,0.1061944711,1,0,0,0,9.05866035617702E-006,-0.0004699609,-0.0017577426,0.0004297049,0.9996763643,0.0075767971,0.0238994292,0.0040739896,-0.0031220347,0.3689404777,-0.0021232329,0.0923864012,-1.1278593743,-0.7589369948,0.4379515149,1.3334127999,-0.3301893646,1.0979467489,0.1698883723,1.0043739209,-0.8318010822,-0.3136990711,1.4419419406,0.2715145995,1.1129030616,-0.0885873905,0.0070426898,-0.0243965555,-0.0074419739,0.0015085367,-0.0065920435,0.0081416145,0.0074396222,0.0019510027,-0.0184576078,0.0028418267,-0.0035515882,0.0010305711,0.0070038398,0.0049451191,0.0555526753,0.003739074,1532095535.75,535.75
1532095536596900000,1,0,0,0,0,0,0,0,1,0,0,0,0,0.3769299245,0,0.1069614245,1,0,0,0,4.59541839743956E-006,-0.0001974342,-0.0014106376,0.0010339586,0.9996430794,0.0100366706,0.0246276262,0.002116712,-0.0038750876,0.3694425241,-0.0012808846,0.0931996199,-1.1274758791,-0.7597039852,0.4387185053,1.3299613431,-0.3305728598,1.0990972345,0.1698883723,0.9997719785,-0.8306505966,-0.3106311095,1.4411749502,0.2749660562,1.1140535472,-0.0885873905,0.0078914996,-0.0244891263,-0.0079549355,-0.0003548174,-0.0080260594,0.0094662587,0.0079886435,0.0024694288,-0.0187714781,0.0022866928,-0.0019777876,-0.0004216149,0.0054060822,0.0050452924,0.0577809985,0.0035201984,1532095536.6,536.5999999046
1532095537438710000,1,0,0,0,0,0,0,0,1,0,0,0,0,0.3777391998,0,0.1077706998,1,0,0,0,1.11508476551454E-005,-0.0005980708,-0.0019870619,0.0012788861,0.9996936535,0.0105299461,0.0221779137,0.002806834,-0.0041329105,0.369835256,-0.0012837066,0.0946863886,-1.1274758791,-0.7677573843,0.4391020005,1.3307283335,-0.3298058694,1.1013982057,0.1737233242,1.0013059593,-0.8375535102,-0.3113980999,1.440791455,0.274582561,1.1163545184,-0.0885873905,-0.0114758637,0.0179424802,0.0100113295,-0.0332236084,0.0093356958,0.0166937352,-0.0077459469,-0.0005905596,0.0085649657,0.0076990605,-0.0264845422,0.0095975205,0.0195783052,-0.0133126634,0.0543930631,0.0048751014,1532095537.44,537.4400000572
1532095538300610000,1,0,0,0,0,0,0,0,1,0,0,0,0,0.3785905846,0,0.1086220846,1,0,0,0,0.000002227,9.54753323625379E-005,-0.0013331717,0.0010069866,0.9996769463,0.0111081831,0.0227199265,0.0021056566,-0.0042928802,0.3702745573,-0.0009884288,0.0953967659,-1.1267088887,-0.7662234035,0.4398689909,1.3245924103,-0.3282718886,1.1060001481,0.1702718675,0.9997719785,-0.8387039958,-0.3113980999,1.4396409694,0.2749660562,1.1198059752,-0.0885873905,0.0075338392,-0.0213745474,-0.0077725572,-0.0045434424,-0.0084003573,0.0115332335,0.0087951627,0.0036452146,-0.0157622556,0.001259124,-0.0054090289,-0.0012438155,0.0068243032,0.0048662577,0.0559130103,0.0033469295,1532095538.3,538.2999999523
1532095539145100000,1,0,0,0,0,0,0,0,1,0,0,0,0,0.3794850439,0,0.1095165439,1,0,0,0,7.74227896828059E-006,-0.0011324175,-0.001411486,-0.0003349055,0.9997320723,0.0109704298,0.0200765729,0.0032225334,-0.0043547564,0.371116422,-0.0011573074,0.0948066919,-1.1270923839,-0.7654564132,0.4410194765,1.3245924103,-0.3282718886,1.1056166529,0.1710388578,1.0001554737,-0.8379370054,-0.3117815951,1.4315875703,0.2749660562,1.1217234511,-0.0889708857,-0.0079188436,0.0162671565,0.0092140134,-0.0351062948,0.0071144476,0.0195936209,-0.0046447293,0.0017893522,0.0053825136,0.0079715496,-0.0258376057,0.0086815167,0.0218247571,-0.0116681494,0.0527898838,0.003680665,1532095539.14,539.1400001049
1532095540011010000,1,0,0,0,0,0,0,0,1,0,0,0,0,0.3804217318,0,0.1104532318,1,0,0,0,1.0037872981138E-005,-0.0006271933,-0.0016246273,0.000509334,0.9997056164,0.0108351034,0.0213971592,0.0033855905,-0.0043148466,0.370885855,-0.0013328986,0.0955549708,-1.1267088887,-0.7646894228,0.4406359813,1.3184564872,-0.3267379078,1.1129030616,0.1698883723,1.0005389689,-0.8375535102,-0.3121650903,1.4315875703,0.274582561,1.1240244223,-0.0889708857,-0.0099148071,0.018732936,0.0098837558,-0.0387294211,0.008234145,0.0210363673,-0.0053725365,0.0015919207,0.0081794096,0.0077461505,-0.0299779903,0.0092282512,0.0232644601,-0.0128752769,0.0556788198,0.0036288877,1532095540.01,540.0099999905
1532095540853300000,1,0,0,0,0,0,0,0,1,0,0,0,0,0.3814017248,0,0.1114332248,1,0,0,0,0.000006276,0.0001090583,-0.0020662863,0.0012381531,0.9996902557,0.0113120952,0.0215542872,0.0049864173,-0.0046544638,0.3717037788,-0.0014358963,0.096105741,-1.1267088887,-0.7643059276,0.4421699621,1.3115535736,-0.325203927,1.115587528,0.1672039059,1.0001554737,-0.8337185582,-0.3102476143,1.4235341712,0.274582561,1.1282428695,-0.0893543809,-0.0097951455,0.0205630254,0.0102702313,-0.0420090524,0.0082660391,0.0230556353,-0.0045740586,0.0027627811,0.0091596,0.0076400887,-0.0302734416,0.0090807049,0.0233000328,-0.0120749721,0.0571824031,0.0048226366,1532095540.85,540.8499999046
1532095541707610000,1,0,0,0,0,0,0,0,1,0,0,0,0,0.3824238201,0,0.1124553201,1,0,0,0,1.30669066778638E-005,-0.0006173244,-0.0007817875,0.0007207859,0.9997111851,0.0110599264,0.0207558757,0.0047374845,-0.004557327,0.3727514469,-0.0010253597,0.0959769815,-1.1267088887,-0.7623884516,0.4452379237,1.3061846409,-0.3217524703,1.1205729656,0.1641359443,0.9990049881,-0.8298836062,-0.3110146047,1.413563296,0.2749660562,1.1328448119,-0.0885873905,-0.0075148093,0.017844924,0.0095531285,-0.041261865,0.0068434729,0.0241887077,-0.0029802666,0.003058148,0.0066551487,0.0078839544,-0.0293738165,0.0086615856,0.0243010575,-0.0118992549,0.0563611546,0.0024591165,1532095541.71,541.7100000381
1532095542560550000,1,0,0,0,0,0,0,0,1,0,0,0,0,0.3834886307,0,0.1135201307,1,0,0,0,5.96654372270102E-006,-0.0001466126,-0.0016646564,0.0008299651,0.999659127,0.0132654067,0.0216176991,0.0060300919,-0.0055204895,0.3732172042,-0.0007726304,0.0969192912,-1.1263253935,-0.7608544708,0.4463884093,1.2988982321,-0.3213689751,1.1251749079,0.1633689539,0.9963205217,-0.8268156447,-0.3060291672,1.4058933921,0.2761165418,1.1385972398,-0.0889708857,0.0070353948,-0.0224434427,-0.0091912016,-0.0082579876,-0.0094063964,0.0169099165,0.011022928,0.0052574485,-0.0134131111,-9.67642506584193E-005,-0.0152906633,-0.0013157044,0.0142977656,0.0050713621,0.0603928379,0.0037317117,1532095542.56,542.5599999428
1532095543412310000,1,0,0,0,0,0,0,0,1,0,0,0,0,0.3845960783,0,0.1146275783,1,0,0,0,5.33905077062039E-006,-0.0007424019,-0.0019986225,-3.00924865803687E-006,0.999666214,0.014146111,0.0206012326,0.0064004961,-0.0059012889,0.3738232444,-0.0005503881,0.0972600649,-1.1251749079,-0.7608544708,0.4460049141,1.2973642514,-0.3217524703,1.1270923839,0.1629854587,0.9963205217,-0.8264321495,-0.3060291672,1.3993739737,0.2776505226,1.142815687,-0.0889708857,0.0068814953,-0.0219358002,-0.0094531438,-0.0094720259,-0.0098409473,0.0181711787,0.0113971764,0.0061488706,-0.0122954591,-0.0005601236,-0.0187871157,-0.0015146645,0.0171112922,0.0049347955,0.0609168785,0.0042641114,1532095543.41,543.4100000858
1532095544261170000,1,0,0,0,0,0,0,0,1,0,0,0,0,0.3857461246,0,0.1157776246,1,0,0,0,4.54115771088889E-006,7.56024632064256E-005,-0.0013785426,0.0009556946,0.9996751704,0.0143647243,0.0200511625,0.0062598013,-0.0059939755,0.3742480511,-0.0001955648,0.0990414301,-1.1228739367,-0.7669903939,0.4463884093,1.294679785,-0.3209854799,1.1316943263,0.1629854587,0.9967040169,-0.8318010822,-0.3067961576,1.4005244593,0.2768835322,1.1458836486,-0.0885873905,0.0064649341,-0.0197366472,-0.009173719,-0.0131960157,-0.0098872145,0.0199182288,0.0118833782,0.0062706417,-0.0103282779,-0.0011578646,-0.0200964139,-0.0020755179,0.0167873389,0.004366979,0.0606318436,0.0033582421,1532095544.26,544.2599999905
1532095545113420000,1,0,0,0,0,0,0,0,1,0,0,0,0,0.3869386208,0,0.1169701208,1,0,0,0,8.99228197808258E-007,-0.0001011892,-0.0016137033,0.000423528,0.999721468,0.0138124589,0.0186735761,0.0039399873,-0.0055876406,0.3751563713,0.0005408196,0.1000392193,-1.1221069463,-0.7677573843,0.4463884093,1.2893108522,-0.3217524703,1.1359127734,0.1626019635,0.9982379977,-0.8375535102,-0.3083301384,1.3997574689,0.2753495514,1.1493351053,-0.0824514673,-0.009799116,0.0158694803,0.0086041424,-0.0436809388,0.0065015868,0.0265918541,-0.0048158553,0.0012423067,0.0043203908,0.0083226608,-0.0319769501,0.0093285306,0.0268835085,-0.0140802454,0.0580745499,0.0033428453,1532095545.11,545.1099998951
1532095545979570000,1,0,0,0,0,0,0,0,1,0,0,0,0,0.3881737204,0,0.1182052204,1,0,0,0,-1.45532615165173E-006,-0.0001455923,-0.001580869,-6.05748450662885E-005,0.9997304316,0.0138233225,0.0177460161,0.0055752594,-0.0057560557,0.3759163695,-0.0002079609,0.1007632565,-1.1217234511,-0.7666068987,0.4467719045,1.2816409483,-0.3209854799,1.140898211,0.1626019635,0.9970875121,-0.837170015,-0.3087136336,1.3909370794,0.274582561,1.1558545237,-0.0847524385,-0.0086599393,0.0182866102,0.0089548816,-0.0471683337,0.006356211,0.028586765,-0.0026897468,0.0037044217,0.0062124078,0.007790756,-0.0349292332,0.0088478299,0.0289260524,-0.0128046849,0.0584313031,0.0031774287,1532095545.98,545.9800000191
1532095546858030000,1,0,0,0,0,0,0,0,1,0,0,0,0,0.3894521332,0,0.1194836332,1,0,0,0,8.90364324628631E-006,-6.90775431845259E-005,-0.0012563826,0.0010313955,0.9997194459,0.01330087,0.0180928307,0.0074023804,-0.005751372,0.3765409595,-0.0002531481,0.1007805921,-1.1205729656,-0.7654564132,0.4486893805,1.2755050251,-0.3186845087,1.1466506389,0.1603009923,0.9982379977,-0.8298836062,-0.3090971288,1.3805827091,0.2749660562,1.1596894756,-0.0855194289,-0.0078783077,0.0193764851,0.0092137645,-0.0512296244,0.0060306437,0.0318954989,-0.0009971209,0.0053078278,0.0076777312,0.0075642586,-0.0374333833,0.0086140691,0.0304749596,-0.0123494227,0.0607498616,0.0032539488,1532095546.86,546.8599998951
1532095547675330000,1,0,0,0,0,0,0,0,1,0,0,0,0,0.3907744666,0,0.1208059666,1,0,0,0,6.64969273034537E-006,-1.45118856147985E-005,-0.0011646584,0.0009484217,0.999699252,0.0137771262,0.0187303495,0.0076681981,-0.0059738473,0.3770395872,-0.000000123,0.1013968279,-1.1205729656,-0.7643059276,0.4502233612,1.2701360924,-0.3167670327,1.1508690861,0.1580000212,0.9974710073,-0.8271991399,-0.3083301384,1.3732963004,0.2753495514,1.1654419036,-0.0847524385,-0.0086104319,0.0203406085,0.0095290961,-0.0538488406,0.0063618395,0.0333337079,-0.0012062212,0.0052315873,0.008175723,0.0077655024,-0.0398690666,0.0090042825,0.0321825478,-0.0132723116,0.0632732736,0.0030040928,1532095547.68,547.6800000668
1532095548526690000,1,0,0,0,0,0,0,0,1,0,0,0,0,0.3921376636,0,0.1221691636,1,0,0,0,-2.69889138549643E-006,0.0012635291,-0.0015937745,0.0017008178,0.9996508415,0.0148192858,0.0194813326,0.0098536706,-0.0066133598,0.3780575892,-0.0003112019,0.102963644,-1.1186554896,-0.763155442,0.4509903516,1.2578642461,-0.3163835375,1.1585389901,0.1541650692,0.9959370265,-0.8237476831,-0.3060291672,1.3617914444,0.2753495514,1.1746457883,-0.0862864193,0.0048421695,-0.0179064785,-0.0094999017,-0.0210883458,-0.0097893066,0.0262079671,0.0138121974,0.0076897637,-0.0069926185,-0.0023305131,-0.0299052319,-0.0020236033,0.0229602234,0.0041453002,0.0664493309,0.0053026046,1532095548.53,548.5299999714
1532095549369620000,1,0,0,0,0,0,0,0,1,0,0,0,0,0.3935434371,0,0.1235749371,1,0,0,0,-9.77814438916577E-007,-0.0005990695,-0.0008808647,-0.0007856916,0.9996795353,0.0162680028,0.0170608071,0.0091182918,-0.0071124599,0.3790164436,0.0005586172,0.1025202456,-1.1171215088,-0.7604709756,0.451757342,1.2563302653,-0.3152330519,1.1619904468,0.1545485644,0.9932525602,-0.8233641879,-0.3044951864,1.3525875597,0.2772670274,1.1784807403,-0.0851359337,0.0050808636,-0.0172610051,-0.0097231428,-0.0224082573,-0.0106843797,0.0281959896,0.0142135596,0.0085562495,-0.0055801359,-0.0028299761,-0.0362916179,-0.0022419563,0.0291147409,0.0025259858,0.0669305909,0.002647352,1532095549.37,549.3699998856
1532095550220190000,1,0,0,0,0,0,0,0,1,0,0,0,0,0.3949913569,0,0.1250228569,1,0,0,0,-6.09884462824274E-006,0.0007212033,-0.0016139086,0.0010478535,0.9996877572,0.0160067992,0.017926235,0.006697256,-0.0068079907,0.3800167581,0.0009941573,0.1052955927,-1.1163545184,-0.7639224324,0.4509903516,1.2436749238,-0.3156165471,1.1677428748,0.1545485644,0.9932525602,-0.8279661303,-0.3044951864,1.3510535789,0.2749660562,1.185767149,-0.0786165154,-0.0106791178,0.0202855724,0.0092793434,-0.0568821015,0.0065923424,0.0352575836,-0.0027389838,0.0038223473,0.0072081751,0.0080246663,-0.0417061317,0.0094818681,0.0336077007,-0.0151072607,0.065600766,0.0041099062,1532095550.22,550.2200000286
1532095551073400000,1,0,0,0,0,0,0,0,1,0,0,0,0,0.396481795,0,0.126513295,1,0,0,0,-1.06145862829232E-005,0.0006852724,-0.0014842589,-7.11977012924497E-005,0.999635421,0.0166483176,0.0186423217,0.0101170623,-0.0074046488,0.3796067276,0.0004453583,0.1061408266,-1.1148205376,-0.7627719468,0.4521408372,1.2409904574,-0.3144660615,1.1761797691,0.153781574,0.9936360554,-0.8271991399,-0.3044951864,1.343383675,0.2749660562,1.1942040434,-0.0832184577,0.003872377,-0.0139144152,-0.0093707789,-0.0291500164,-0.0103515343,0.0305040208,0.0150315367,0.0099502072,-0.0027533097,-0.0036719069,-0.0407697187,-0.0029629192,0.0295981544,0.0027446904,0.0711033331,0.0032727309,1532095551.07,551.0699999332
1532095551971230000,1,0,0,0,0,0,0,0,1,0,0,0,0,0.3980148953,0,0.1280463953,1,0,0,0,-2.40607525580239E-006,0.0007298695,-0.0018627508,0.001535525,0.9996904482,0.0168813003,0.0164838303,0.0077684501,-0.0073110731,0.3821125048,0.0014320209,0.1074408424,-1.1129030616,-0.7639224324,0.4525243324,1.2260341447,-0.3148495567,1.1803982163,0.1541650692,0.9932525602,-0.8248981687,-0.3044951864,1.3314953239,0.2761165418,1.1991894809,-0.0766990394,-0.0106558483,0.0204579714,0.009086559,-0.0604554895,0.0061157685,0.038399603,-0.0019017989,0.0048940823,0.0075824751,0.0078082835,-0.0444578355,0.0092463455,0.0357186577,-0.0151258466,0.0674014555,0.0050439617,1532095551.97,551.9700000286
1532095552782720000,1,0,0,0,0,0,0,0,1,0,0,0,0,0.3995928884,0,0.1296243884,1,0,0,0,-4.74170787965935E-006,0.0001449413,-0.001189174,-0.000160223,0.9996847898,0.0168424533,0.0164038815,0.0086948539,-0.007395484,0.3820045296,0.0012823182,0.1079057164,-1.111752576,-0.7620049564,0.4529078276,1.2233496783,-0.3125485855,1.189602101,0.1507136124,0.9932525602,-0.8264321495,-0.3060291672,1.3265098863,0.2757330466,1.2057088993,-0.0782330202,0.0030125085,-0.0117438867,-0.0089648312,-0.0340985126,-0.0106988353,0.0344722602,0.0148708063,0.0107049672,-0.0004601659,-0.0040556661,-0.0459241657,-0.0032921702,0.0336479982,0.0009490901,0.0705408357,0.0024172828,1532095552.78,552.7799999714
1532095553641700000,1,0,0,0,0,0,0,0,1,0,0,0,0,0.4012114542,0,0.1312429542,1,0,0,0,-1.03033903184474E-005,0.0009861028,-0.0015368325,0.0004519876,0.9996710942,0.0169909901,0.0159981586,0.0105406755,-0.0076803512,0.3832266449,0.0009073509,0.1092822801,-1.1094516048,-0.761237966,0.4529078276,1.2106943368,-0.3121650903,1.1945875386,0.1510971076,0.992869065,-0.8241311783,-0.3052621768,1.3146215352,0.2749660562,1.2141457936,-0.0786165154,0.0024975782,-0.0109801063,-0.0090754841,-0.0360401116,-0.0104683504,0.0358754424,0.0156805227,0.0113023225,0.0008041466,-0.0046299768,-0.0479118722,-0.0034321229,0.034422083,0.0016378671,0.0720654783,0.0037622045,1532095553.64,553.6400001049
1532095554481190000,1,0,0,0,0,0,0,0,1,0,0,0,0,0.4028729723,0,0.1329044723,1,0,0,0,-1.07282325124336E-005,0.0010352114,-0.0013775054,0.0004629876,0.9997018832,0.0169984105,0.0151312852,0.0087338151,-0.0075235355,0.3844010958,0.0013992871,0.1105945082,-1.1079176241,-0.7604709756,0.4529078276,1.1995729761,-0.3121650903,1.2018739473,0.1503301172,0.9921020746,-0.8264321495,-0.3060291672,1.3092526025,0.274582561,1.2198982216,-0.0747815634,-0.011191242,0.0240400661,0.009399543,-0.0694576171,0.0061990607,0.0437785,0.0001023507,0.0070614563,0.0102302665,0.007047511,-0.0537318824,0.008990137,0.0421018037,-0.015910058,0.0713518084,0.0035684963,1532095554.48,554.4800000191
1532095555335170000,1,0,0,0,0,0,0,0,1,0,0,0,0,0.4045764564,0,0.1346079564,1,0,0,0,-1.5039449988619E-005,0.0014674639,-0.0020634609,0.0008064784,0.9996618942,0.0174986813,0.0161978649,0.0102742453,-0.0079156541,0.3848997674,0.0014050865,0.1124150693,-1.1063836433,-0.7604709756,0.453674818,1.1903690914,-0.3117815951,1.2106943368,0.1484126412,0.992869065,-0.8241311783,-0.305645672,1.2977477466,0.274582561,1.2310195823,-0.074014573,0.0011723114,-0.0079738154,-0.0087040808,-0.0424756572,-0.0104589631,0.0390339652,0.0158183563,0.012574489,0.0034083157,-0.0052973924,-0.0528404139,-0.0041439642,0.0364114217,0.0009082468,0.0746325621,0.0053147826,1532095555.34,555.3399999142
1532095556190290000,1,0,0,0,0,0,0,0,1,0,0,0,0,0.4063226463,0,0.1363541463,1,0,0,0,-0.000001468,0.0003188912,-0.0012406887,0.000639126,0.9997182924,0.0169965744,0.0140088005,0.0087318938,-0.0075875147,0.3865865818,0.0018643257,0.1132185897,-1.1033156817,-0.7600874804,0.4532913228,1.1807817115,-0.3121650903,1.218747736,0.1484126412,0.9913350842,-0.8229806927,-0.3067961576,1.2850924051,0.2741990658,1.2379224958,-0.070179621,-0.0116788734,0.024237348,0.0090938187,-0.0727159997,0.005908431,0.0464365826,0.0006518947,0.0080214926,0.0119938953,0.0063391175,-0.0595014281,0.0085783893,0.0454908453,-0.0168252857,0.0729562555,0.0028632025,1532095556.19,556.1900000572
1532095557039110000,1,0,0,0,0,0,0,0,1,0,0,0,0,0.4081115975,0,0.1381430975,1,0,0,0,-1.50989414933501E-005,0.0012839527,-0.0024504176,0.0008640152,0.999686025,0.0177623056,0.0143252732,0.0102556701,-0.0080853368,0.3874052064,0.0014765863,0.1151008199,-1.1029321865,-0.7597039852,0.4532913228,1.1688933604,-0.3113980999,1.2260341447,0.1445776893,0.9913350842,-0.8225971975,-0.3060291672,1.2751215299,0.2741990658,1.2478933709,-0.070179621,0.0001447314,-0.0050579036,-0.0082528205,-0.0481010832,-0.0103776922,0.0427009771,0.0162793544,0.0143104183,0.0067616971,-0.0060695064,-0.0592562013,-0.0046658321,0.0402969562,0.0002128982,0.0756917505,0.0057964139,1532095557.04,557.0399999619
1532095557893190000,1,0,0,0,0,0,0,0,1,0,0,0,0,0.4099429949,0,0.1399744949,1,0,0,0,-4.19855452494546E-006,0.0013556963,-0.0012654734,0.0014511017,0.9997136649,0.0174860511,0.0134631454,0.009144004,-0.0078917242,0.3891179132,0.0016466033,0.1162685745,-1.0998642249,-0.7566360236,0.4540583132,1.1524030669,-0.3117815951,1.2348545342,0.1449611845,0.9882671226,-0.8199127311,-0.3064126624,1.2628496836,0.2738155706,1.2555632749,-0.0682621451,-0.0124080192,0.0269591191,0.0094839105,-0.0791802629,0.0062277146,0.050130525,0.0017093955,0.0091933668,0.0138239556,0.0058780018,-0.0631571851,0.0083106249,0.0472343643,-0.0169824273,0.0751754159,0.0047095781,1532095557.89,557.8900001049
1532095558786040000,1,0,0,0,0,0,0,0,1,0,0,0,0,0.411817086,0,0.141848586,1,0,0,0,-7.06955376441297E-006,0.0015619899,-0.0012230774,0.001244077,0.9997006592,0.0176709747,0.01339448,0.0102450224,-0.0081221419,0.3899185349,0.0017345975,0.1177387367,-1.0967962633,-0.7562525284,0.453674818,1.1431991822,-0.3106311095,1.2448254094,0.1407427373,0.9882671226,-0.8187622455,-0.3064126624,1.2513448277,0.2734320754,1.26553415,-0.0674951547,-0.0131047646,0.0294401395,0.0100001732,-0.0836655098,0.0067672949,0.0521666231,0.0022296575,0.010079629,0.0155552356,0.0056334606,-0.067196777,0.0083364518,0.0495021128,-0.017477197,0.0775564221,0.0046833572,1532095558.79,558.7899999619
1532095559593460000,1,0,0,0,0,0,0,0,1,0,0,0,0,0.4137358289,0,0.1437673289,1,0,0,0,-8.69917506496863E-006,0.0009873016,-0.0019038423,0.000845705,0.9996894816,0.0174079088,0.0129382118,0.0121883509,-0.0082614244,0.3908885149,0.0008076848,0.1184620822,-1.0967962633,-0.7524175765,0.453674818,1.1305438407,-0.3087136336,1.2540292941,0.1384417661,0.987116637,-0.8130098176,-0.3064126624,1.2337040487,0.2730485802,1.2762720155,-0.0682621451,-0.0124495266,0.0320928087,0.010599216,-0.0888708119,0.0069022707,0.0552460763,0.004252545,0.0134644032,0.0180581321,0.005268762,-0.072894259,0.0079964235,0.0532799364,-0.0162165669,0.0806222098,0.004610682,1532095559.59,559.5899999142
1532095560449870000,1,0,0,0,0,0,0,0,1,0,0,0,0,0.4156949351,0,0.1457264351,1,0,0,0,1.4145713240217E-005,0.0007241072,-0.0002969051,0.0022268,0.9996765152,0.0170289463,0.014673566,0.0118161579,-0.0081114549,0.3923220259,0.0011209212,0.1194595005,-1.0929613114,-0.7478156341,0.4552087988,1.1152040328,-0.3083301384,1.26553415,0.1349903093,0.9828981898,-0.8007379713,-0.3052621768,1.2122283176,0.2730485802,1.2885438618,-0.0659611739,-0.0008725517,-0.0033924509,-0.0077094412,-0.0575146594,-0.0095818218,0.0498757829,0.0184644496,0.0161360885,0.0119506604,-0.0071257571,-0.0738674295,-0.0048158229,0.0486655915,-0.0023909635,0.0824380602,0.0047206449,1532095560.45,560.4500000477
1532095561304070000,1,0,0,0,0,0,0,0,1,0,0,0,0,0.4176968603,0,0.1477283603,1,0,0,0,2.91845187336444E-006,0.0009880546,-0.0008686077,0.0018703815,0.9996569005,0.0180704119,0.0153473036,0.0110479818,-0.0084723711,0.3931427553,0.002037702,0.120740557,-1.090276845,-0.7435971869,0.4552087988,1.1021651961,-0.3087136336,1.2735875491,0.1342233189,0.9821311994,-0.7992039905,-0.3029612056,1.2030244329,0.2734320754,1.2969807562,-0.0613592315,-0.0018434975,-0.001734606,-0.007722167,-0.0622291883,-0.0099885759,0.052409116,0.0182596782,0.0168691179,0.0127740673,-0.0074639066,-0.077149088,-0.005401409,0.0505381298,-0.0032814546,0.0853472944,0.0045734268,1532095561.3,561.2999999523
1532095562150470000,1,0,0,0,0,0,0,0,1,0,0,0,0,0.4197414943,0,0.1497729943,1,0,0,0,-4.90582608841592E-006,0.001543129,-0.0015011551,0.0018000358,0.9996618757,0.0186548227,0.0141017805,0.0112839345,-0.0087848196,0.3945620598,0.00225661,0.1231433754,-1.0872088834,-0.7420632061,0.4552087988,1.0829904362,-0.3090971288,1.2854759002,0.1346068141,0.9825146946,-0.8015049617,-0.303728196,1.1911360818,0.2738155706,1.3084856121,-0.0590582603,-0.0029111921,0.0015443808,-0.0073574305,-0.066820982,-0.0098561116,0.0543378323,0.0185413958,0.0182027108,0.0155401004,-0.0082819507,-0.0808258382,-0.0061631882,0.051954717,-0.0034830573,0.0858367039,0.00561243,1532095562.15,562.1500000954
1532095563047070000,1,0,0,0,0,0,0,0,1,0,0,0,0,0.4218284533,0,0.1518599533,1,0,0,0,1.14785436503527E-006,0.0012718806,-0.0005534464,0.001629397,0.9996806974,0.0178128237,0.0147593334,0.0100709718,-0.0083432917,0.3954031427,0.0025725642,0.1250536586,-1.0833739314,-0.7401457302,0.4544418084,1.0703350947,-0.3090971288,1.296597261,0.1338398237,0.9805972187,-0.8007379713,-0.3041116912,1.1784807403,0.2715145995,1.3211409536,-0.0548398132,-0.0036353219,0.0038996179,-0.0065193933,-0.0714446556,-0.0092419968,0.0560808585,0.0183650812,0.0184452405,0.0173672162,-0.0082900366,-0.0852885882,-0.0061823325,0.0540572605,-0.0054444927,0.0866567915,0.0042796812,1532095563.05,563.0499999523
1532095563899090000,1,0,0,0,0,0,0,0,1,0,0,0,0,0.4239602388,0,0.1539917388,1,0,0,0,-1.6754694886871E-006,0.0016711861,-0.0010636525,0.0022011972,0.999721118,0.0168185028,0.0131741474,0.0099661334,-0.007973825,0.3971596069,0.002332412,0.126552969,-1.0803059699,-0.7374612638,0.4529078276,1.0515438301,-0.309480624,1.3061846409,0.1315388526,0.9802137235,-0.7999709809,-0.3041116912,1.1650584084,0.2692136283,1.3299613431,-0.0510048612,-0.0167067406,0.0374352478,0.0105955506,-0.1051221112,0.0074980743,0.0645600821,0.0048160767,0.0149533602,0.0253274357,0.0029683693,-0.0913462148,0.0067849512,0.0621009298,-0.0208422724,0.0862270745,0.0059226645,1532095563.9,563.9000000954
1532095564752010000,1,0,0,0,0,0,0,0,1,0,0,0,0,0.4261346247,0,0.1561661247,1,0,0,0,-2.01238129223045E-005,0.00113078,-0.0014980182,6.11816749016003E-006,0.9997416228,0.016795968,0.0102351583,0.0113086143,-0.0081663155,0.3990266282,0.0017523346,0.1277107523,-1.0776215035,-0.7317088358,0.4525243324,1.0335195558,-0.3102476143,1.3184564872,0.128470891,0.9790632379,-0.7992039905,-0.3052621768,1.1443496678,0.2692136283,1.3437671702,-0.050621366,-0.015438212,0.038079283,0.0105702042,-0.1076543738,0.0070275778,0.066613053,0.0068648355,0.0176503156,0.024899538,0.0027762893,-0.0950276148,0.0062742632,0.0663163516,-0.0195569829,0.0874953794,0.0037538031,1532095564.75,564.75
1532095565569410000,1,0,0,0,0,0,0,0,1,0,0,0,0,0.4283516626,0,0.1583831626,1,0,0,0,5.34026079507081E-006,0.0012314378,-0.0015941612,0.002433569,0.999711446,0.0162410327,0.0122683277,0.0126810329,-0.0081462798,0.3999364329,0.0010244761,0.1290099848,-1.0753205323,-0.7271068935,0.4525243324,1.014344796,-0.309480624,1.3334127999,0.1234854534,0.9767622667,-0.7861651538,-0.3048786816,1.1232574319,0.2695971235,1.3556555213,-0.050621366,-0.016176757,0.0422755716,0.011571527,-0.1162759984,0.0078155374,0.0711612041,0.0085947815,0.0203425574,0.0301359454,0.0020285581,-0.1022950032,0.0058761647,0.0684856657,-0.0197195064,0.0910996502,0.0063182425,1532095565.57,565.5699999332
1532095566406000000,1,0,0,0,0,0,0,0,1,0,0,0,0,0.4306095641,0,0.1606410641,1,0,0,0,7.0114220603705E-006,0.0005259482,5.69995918998298E-005,0.0011013169,0.9997231789,0.0161556939,0.011390892,0.0126838055,-0.0081553623,0.4018082513,0.0012853912,0.1298484016,-1.0691846092,-0.7190534943,0.4521408372,0.9947865409,-0.3090971288,1.3479856174,0.1196505015,0.9721603243,-0.7784952499,-0.3041116912,1.0983302441,0.2695971235,1.370611834,-0.04870389,-0.0154033443,0.0424197683,0.0114828934,-0.1189927665,0.0074565483,0.0733465401,0.0101267026,0.0209679088,0.0303494786,0.0017063347,-0.1071889227,0.0055653822,0.0726394205,-0.0209174542,0.0928594042,0.0024435787,1532095566.41,566.4100000858
1532095567267560000,1,0,0,0,0,0,0,0,1,0,0,0,0,0.4329092935,0,0.1629407935,1,0,0,0,7.53390912118859E-006,0.0009354233,-0.0006672336,0.0019447242,0.9996928786,0.0170342208,0.0116099498,0.0136846908,-0.0086952438,0.4035601384,0.0014372633,0.1316474191,-1.0657331524,-0.7136845616,0.4525243324,0.9717768291,-0.3090971288,1.3606409589,0.1154320543,0.9694758579,-0.7692913651,-0.3010437296,1.0741700467,0.2703641139,1.3851846515,-0.0456359284,-0.0164626757,0.0451736226,0.0120662489,-0.1250330824,0.0080261443,0.076441523,0.0104544458,0.022198367,0.0320445108,0.0016313393,-0.1105430222,0.0055247839,0.0741163436,-0.0212822528,0.0953535543,0.0045175966,1532095567.27,567.2699999809
1532095568121310000,1,0,0,0,0,0,0,0,1,0,0,0,0,0.4352520898,0,0.1652835898,1,0,0,0,1.14455092735093E-005,0.0011559512,-0.00056791,0.0022277599,0.9996525492,0.0178424287,0.0111918742,0.0157877878,-0.0093486305,0.4051703608,0.0013672385,0.13306849,-1.0607477148,-0.7083156288,0.4521408372,0.9499176029,-0.3071796528,1.3748302811,0.1112136071,0.9664078964,-0.7600874804,-0.2983592632,1.0492428589,0.2711311043,1.3993739737,-0.0452524332,-0.0077469565,0.0121753192,-0.0055152515,-0.0933296009,-0.0073511776,0.0709297198,0.0230898247,0.0259885511,0.0321596914,-0.0119859269,-0.1207423573,-0.0077430735,0.0742424486,-0.0084101398,0.0991521319,0.005146517,1532095568.12,568.1199998856
1532095568971570000,1,0,0,0,0,0,0,0,1,0,0,0,0,0.4376375878,0,0.1676690878,1,0,0,0,1.39273650409319E-006,0.0010201094,-0.0006111717,0.0013205381,0.9996634446,0.018367235,0.0102154941,0.0151450233,-0.0095419669,0.4068028225,0.0023753652,0.1348724849,-1.0549952869,-0.7006457249,0.4525243324,0.9249904151,-0.3083301384,1.392087565,0.1096796263,0.9652574108,-0.757403014,-0.2972087777,1.0296846039,0.2715145995,1.413563296,-0.0395000053,-0.0091421374,0.0154665109,-0.0050937706,-0.0991075959,-0.0072303593,0.0738045196,0.0229188811,0.0272756847,0.0353503126,-0.0127653402,-0.1280969491,-0.0084324402,0.0784548701,-0.0105244023,0.1005051872,0.0035541384,1532095568.97,568.9700000286
1532095569819330000,1,0,0,0,0,0,0,0,1,0,0,0,0,0.440065598,0,0.170097098,1,0,0,0,6.13983321668538E-006,0.0013631598,-0.0001511773,0.001714701,0.999666899,0.0180294183,0.0113892275,0.0144707838,-0.0093711266,0.4078229772,0.0025324609,0.1372663175,-1.0492428589,-0.6941263065,0.4506068564,0.9000632273,-0.3087136336,1.4078108681,0.1085291407,0.9629564396,-0.7531845669,-0.2975922728,1.0116603296,0.2711311043,1.4292865991,-0.0360485485,-0.0101744462,0.0185325453,-0.0043767976,-0.1058389502,-0.006635233,0.0764867433,0.0233872219,0.0283682528,0.0382329989,-0.0131674996,-0.1343132518,-0.0089027286,0.0806716194,-0.0122292111,0.1019406015,0.004391473,1532095569.82,569.8199999332
1532095570663950000,1,0,0,0,0,0,0,0,1,0,0,0,0,0.4425359956,0,0.1725674956,1,0,0,0,-1.63818153031611E-005,0.0009266261,-0.0007702103,-8.48688694229105E-005,0.9997022318,0.0181815697,0.008842465,0.0135933081,-0.0093683745,0.4099259033,0.0028305768,0.1388520866,-1.0442574214,-0.6860729074,0.4471553997,0.8732185635,-0.3071796528,1.4220001904,0.1054611792,0.9610389636,-0.7516505861,-0.2975922728,0.9894176082,0.2715145995,1.4442429118,-0.0306796158,-0.0202260748,0.0527591903,0.0127617446,-0.1446572317,0.009003214,0.0869015266,0.0123863787,0.0267100365,0.0396972478,-0.0004649992,-0.1352617972,0.0039619674,0.0886986772,-0.0256795174,0.1027232598,0.0024158332,1532095570.66,570.6600000858
1532095571521700000,1,0,0,0,0,0,0,0,1,0,0,0,0,0.4450486244,0,0.1750801244,1,0,0,0,-7.60828322459405E-006,0.0006439613,-0.0008452634,0.0004432997,0.9997020306,0.0173839148,0.0097197978,0.0140452615,-0.0091454091,0.4112133447,0.0024444196,0.1402912306,-1.039655479,-0.6764855275,0.4463884093,0.8467573949,-0.3083301384,1.4404079598,0.1004757416,0.9583544972,-0.7401457302,-0.2975922728,0.9621894492,0.2715145995,1.4611167005,-0.0276116542,-0.0211536025,0.0566754706,0.0133625854,-0.1532975144,0.0094915902,0.091345082,0.0141867643,0.0297224286,0.0447769928,-0.0015184987,-0.1458324605,0.0032180761,0.0935936537,-0.0266989884,0.1053745154,0.0023027558,1532095571.52,571.5199999809
1532095572371580000,1,0,0,0,0,0,0,0,1,0,0,0,0,0.4476041411,0,0.1776356411,1,0,0,0,2.08654337678412E-005,0.0002929255,0.0005906562,0.0018238555,0.9997253905,0.0167470234,0.0092987286,0.0134281243,-0.0088620193,0.4133000782,0.0025897346,0.1425335628,-1.0331360606,-0.6703496043,0.4463884093,0.8164612744,-0.3083301384,1.4611167005,0.0951068088,0.9533690597,-0.7290243694,-0.2975922728,0.9311263382,0.2718980947,1.4795244699,-0.0237767022,-0.0214987038,0.0580483225,0.0133644613,-0.1585393648,0.0094653352,0.0946958161,0.0158244105,0.0309902691,0.0487340032,-0.0028274291,-0.1535955912,0.0021701878,0.0965885962,-0.0283895583,0.1056170408,0.0038787261,1532095572.37,572.3699998856
1532095573270780000,1,0,0,0,0,0,0,0,1,0,0,0,0,0.4502021544,0,0.1802336544,1,0,0,0,-1.11392160793457E-006,0.0006409642,-0.0006122494,0.0008843289,0.9996804854,0.0171268333,0.0089388649,0.0162420111,-0.0094535018,0.415002971,0.0018475998,0.1432260513,-1.0281506231,-0.6557767868,0.4452379237,0.7842476778,-0.3083301384,1.4776069939,0.0885873905,0.9499176029,-0.7156020375,-0.2937573209,0.8981457513,0.2718980947,1.497165249,-0.0222427214,-0.0146060658,0.0288948636,-0.0024448411,-0.1298164829,-0.0044285477,0.0903016664,0.0268855946,0.0370190442,0.0544376074,-0.0162983231,-0.1741530393,-0.0106753061,0.1025430368,-0.0178173687,0.1109125275,0.0025041741,1532095573.27,573.2699999809
1532095574090100000,1,0,0,0,0,0,0,0,1,0,0,0,0,0.4528451249,0,0.1828766249,1,0,0,0,-5.21085958463639E-006,0.0010946615,-0.0001066865,0.0007387042,0.9996501832,0.0193514595,0.0101397152,0.0148433951,-0.0102691616,0.4161772576,0.0035878148,0.1465670438,-1.0197137287,-0.6477233877,0.4444709333,0.7516505861,-0.3083301384,1.4998497154,0.0847524385,0.9460826509,-0.7110000952,-0.2906893593,0.8755195347,0.274582561,1.516723504,-0.0157233031,-0.0158744774,0.0336517319,-0.002175554,-0.1390512671,-0.0047313663,0.0935924946,0.0273512215,0.0387078677,0.058940497,-0.0177778781,-0.1824305043,-0.012561143,0.1048690899,-0.0208182166,0.1127151253,0.0026497923,1532095574.09,574.0899999142
1532095574937500000,1,0,0,0,0,0,0,0,1,0,0,0,0,0.4555290652,0,0.1855605652,1,0,0,0,-2.53998545835157E-005,0.0004367443,-0.0003328085,-0.0015112192,0.9996992406,0.018377528,0.0063168496,0.0148964402,-0.0099173578,0.4186574239,0.0031229334,0.1477372733,-1.0108933392,-0.6331505702,0.4394854957,0.7140680568,-0.3110146047,1.5201749608,0.0809174866,0.9430146894,-0.7056311624,-0.2918398449,0.8433059381,0.274582561,1.5351312735,-0.0115048559,-0.0245882194,0.0682714611,0.0149165672,-0.1822884865,0.0109719472,0.1066899263,0.0193692478,0.0381655094,0.0577634348,-0.0046853084,-0.1833738578,0.0006519074,0.1146225843,-0.0330568212,0.1141460046,0.0032157677,1532095574.94,574.9400000572
1532095575792180000,1,0,0,0,0,0,0,0,1,0,0,0,0,0.4582553705,0,0.1882868705,1,0,0,0,8.2968962302702E-006,0.0004513787,6.30383403942567E-005,0.0010969329,0.999701047,0.0170057929,0.0090059456,0.0150210016,-0.0094151785,0.419720457,0.0025676548,0.1498941664,-1.0051409113,-0.6224127047,0.4387185053,0.6787864986,-0.3117815951,1.5416506918,0.0747815634,0.9387962422,-0.6876068882,-0.2922233401,0.8087913704,0.2749660562,1.5562235093,-0.0076699039,-0.0265846389,0.0751382646,0.0159812923,-0.1964387631,0.0119649676,0.1132900327,0.0222024,0.0422693122,0.0678303129,-0.0066756579,-0.2005028375,-0.0005746499,0.1204583352,-0.0355231614,0.1162481236,0.0023756921,1532095575.79,575.7899999619
1532095576636520000,1,0,0,0,0,0,0,0,1,0,0,0,0,0.4610244126,0,0.1910559126,1,0,0,0,7.48373723399171E-006,0.0004377115,0.0003299664,0.0009572033,0.9997109062,0.0169540289,0.0070692312,0.0154535992,-0.0095294886,0.421968818,0.0027936125,0.1522566676,-0.9963205217,-0.6105243536,0.4371845245,0.6358350366,-0.3113980999,1.5677283652,0.0663446691,0.9338108046,-0.6772525179,-0.2891553785,0.7708253459,0.274582561,1.5784662307,-0.001917476,-0.0271088474,0.0780752938,0.0162965374,-0.2046667574,0.012238291,0.117932962,0.0240037596,0.0451784055,0.072081006,-0.0079649408,-0.2122423671,-0.0016745402,0.1267260029,-0.0373020044,0.1176779785,0.0022060891,1532095576.64,576.6400001049
1532095577484030000,1,0,0,0,0,0,0,0,1,0,0,0,0,0.4638356664,0,0.1938671664,1,0,0,0,2.31054687000048E-005,1.49003648637347E-005,0.0010718567,0.001262405,0.9996753596,0.0178056846,0.0082347557,0.0162003581,-0.0100553497,0.4233028585,0.003163174,0.153628717,-0.987116637,-0.5940340601,0.436034039,0.5944175553,-0.3110146047,1.5930390482,0.0605922411,0.9276748815,-0.6573107676,-0.2864709121,0.7294078646,0.2776505226,1.6010924474,0.0023009712,-0.0212542923,0.0477673548,0.000764478,-0.1729304752,-0.0016420597,0.1119953772,0.0331187342,0.0521140719,0.0873118153,-0.023325157,-0.2485415267,-0.0158308797,0.1377628853,-0.0329452233,0.1222590084,0.0033122591,1532095577.48,577.4800000191
1532095578384690000,1,0,0,0,0,0,0,0,1,0,0,0,0,0.4666892981,0,0.1967207981,1,0,0,0,3.72813509220797E-006,0.0002883685,0.000081063,0.0005158044,0.9996699856,0.0185086143,0.0064353671,0.0165550351,-0.0104831838,0.4251702549,0.0032520367,0.156416698,-0.9767622667,-0.5771602714,0.4325825822,0.5430291989,-0.3152330519,1.6195002168,0.054456318,0.9234564343,-0.6492573685,-0.2837864458,0.6929758209,0.2788010082,1.6244856544,0.0084368943,-0.0227241489,0.0532034846,0.0014834668,-0.18244686,-0.0011098832,0.116325639,0.0345229048,0.057291805,0.0974054882,-0.0256107079,-0.2699198706,-0.0174069277,0.1478044093,-0.0369570007,0.1243739196,0.001192949,1532095578.38,578.3800001144
1532095579189530000,1,0,0,0,0,0,0,0,1,0,0,0,0,0.4695879607,0,0.1996194607,1,0,0,0,3.93182533264293E-006,0.0001207227,0.0004238915,0.000165594,0.9997176418,0.017155312,0.0066323887,0.0149825749,-0.0097161825,0.4265306527,0.0034289211,0.1584127391,-0.9648739156,-0.5560680356,0.4272136494,0.4904903569,-0.3186845087,1.6482623566,0.046786414,0.9192379871,-0.638519503,-0.2837864458,0.6592282436,0.278417513,1.6467283758,0.0161067983,-0.0313516611,0.0902726309,0.0181304591,-0.2347560441,0.014080305,0.1327494242,0.029276671,0.0570256826,0.095407376,-0.013445565,-0.2702280764,-0.0048757353,0.1550074827,-0.0489669062,0.1260351083,0.0009416567,1532095579.19,579.1900000572
1532095580048980000,1,0,0,0,0,0,0,0,1,0,0,0,0,0.4725268673,0,0.2025583673,1,0,0,0,1.31970937979134E-005,-0.0002761782,0.0005614549,0.0003854859,0.9997277526,0.0164921489,0.0041914734,0.0159059977,-0.0096390145,0.4286430251,0.0031675934,0.1605601163,-0.9533690597,-0.5384272565,0.424529183,0.4348835534,-0.3213689751,1.6789419723,0.0368155389,0.9134855592,-0.6216457143,-0.282252465,0.6089903728,0.2795679986,1.6735730396,0.0222427214,-0.0307697656,0.0916583045,0.0185823978,-0.2420906722,0.0141792415,0.1376285414,0.0321676154,0.0610710104,0.0993460677,-0.0151972571,-0.2829332911,-0.0058843461,0.1618371084,-0.0508509711,0.1285917686,0.0014698372,1532095580.05,580.0499999523
1532095580897930000,1,0,0,0,0,0,0,0,1,0,0,0,0,0.4755087514,0,0.2055402514,1,0,0,0,1.53392109062903E-005,0.0004159156,0.0007221299,0.001161728,0.9996749621,0.0169294296,0.0065721985,0.0178413422,-0.010203902,0.429111096,0.003754391,0.1631774479,-0.940330223,-0.5181020111,0.4226117071,0.3785097594,-0.3213689751,1.7115390641,0.0268446638,0.9096506072,-0.601703964,-0.2788010082,0.5633544444,0.2814854746,1.7023351794,0.0283786446,-0.0246182567,0.0575871997,0.0034761856,-0.1980537244,0.0008232277,0.1243266795,0.0377257292,0.0678171844,0.1186723759,-0.0314801113,-0.32321992,-0.0191076835,0.1723361636,-0.0491075028,0.1334817049,0.002859419,1532095580.9,580.9000000954
1532095581753490000,1,0,0,0,0,0,0,0,1,0,0,0,0,0.4785330867,0,0.2085645867,1,0,0,0,-9.52666400498396E-006,-0.0006418968,0.0003419187,-0.0016851561,0.9996841842,0.0181836112,0.0037293975,0.0168856089,-0.0106309116,0.4306307839,0.0040640074,0.16475421,-0.9272913863,-0.4916408425,0.4157087935,0.3156165471,-0.325203927,1.7452866414,0.0161067983,0.9023641985,-0.5909660985,-0.2757330466,0.5207864775,0.2845534362,1.726878872,0.0360485485,-0.0215216691,0.0528475726,0.0030962518,-0.1893354859,-0.0001403701,0.12092112,0.0370459176,0.0666357825,0.1113139583,-0.032174782,-0.3123939554,-0.0179386549,0.1691312021,-0.0483121386,0.1378439931,0.0036707989,1532095581.75,581.75
1532095582599710000,1,0,0,0,0,0,0,0,1,0,0,0,0,0.4816001928,0,0.2116316928,1,0,0,0,7.57178428454318E-006,-0.0012537573,0.0004455792,-0.0010009628,0.9997118092,0.0171804549,0.0034309016,0.0163555477,-0.0101624355,0.4312042228,0.0038285924,0.167410263,-0.9142525496,-0.4690146259,0.4103398608,0.2504223636,-0.3298058694,1.7798012091,0.0069029135,0.8973787609,-0.5786942522,-0.2753495514,0.4820534626,0.2853204265,1.7514225646,0.0425679669,-0.0267424434,0.0829653281,0.0188137053,-0.2332879788,0.0141806112,0.1336387146,0.0331299392,0.0488404506,0.0617114204,-0.0139011362,-0.2152979839,0.000259436,0.1305964347,-0.0405860981,0.1412130141,0.0033300899,1532095582.6,582.5999999046
1532095583453840000,1,0,0,0,0,0,0,0,1,0,0,0,0,0.4847096086,0,0.2147411086,1,0,0,0,3.46914097964415E-005,-0.0015691054,0.0009664593,0.0001241839,0.9997090459,0.0159344887,0.0021287951,0.0179312354,-0.0099402562,0.4317971395,0.0035885224,0.1700528791,-0.9050486649,-0.4609612268,0.4076553944,0.2097718727,-0.3294223742,1.8058788825,-0.0023009712,0.8931603137,-0.5633544444,-0.2741990658,0.4356505438,0.2857039217,1.7782672284,0.0479368996,-0.0258899795,0.0839208952,0.0197111584,-0.2384577791,0.014502446,0.1366664833,0.0357857458,0.0345352163,0.0253125952,-0.0093022835,-0.1381126931,0.0051562338,0.0939372269,-0.0255244332,0.1458922006,0.0036940801,1532095583.45,583.4500000477
1532095584308650000,1,0,0,0,0,0,0,0,1,0,0,0,0,0.4878617319,0,0.2178932319,1,0,0,0,4.36552910641572E-005,-0.00214168,0.0005887272,0.0002992143,0.9996879108,0.0165633816,0.0026659431,0.0184600562,-0.0103492653,0.4317671358,0.0043308458,0.1724244914,-0.8985292465,-0.4540583132,0.4061214136,0.1806262378,-0.3294223742,1.8246701472,-0.0069029135,0.8889418666,-0.5457136653,-0.2711311043,0.3896311201,0.2887718833,1.8058788825,0.0567572892,-0.0279406778,0.0872171271,0.0209602118,-0.2468757105,0.0153828287,0.1401411568,0.0369968767,0.0197517578,-0.0080454,-0.0044789462,-0.0680437816,0.0101459759,0.0607720074,-0.0131265436,0.1518961492,0.0044823753,1532095584.31,584.3099999428
1532095585160020000,1,0,0,0,0,0,0,0,1,0,0,0,0,0.4910565953,0,0.2210880953,1,0,0,0,2.99170618407625E-005,-0.0027753625,0.0003390095,-0.0010270985,0.9996446952,0.0175307582,0.0016631956,0.0199633467,-0.0110523338,0.4318427603,0.0042708815,0.1738572473,-0.8954612849,-0.451757342,0.4053544232,0.1683543915,-0.3301893646,1.8354080127,-0.0092038847,0.8828059434,-0.5284563814,-0.2672961523,0.3420777157,0.2918398449,1.8323400511,0.0625097171,-0.0189576188,0.0438110853,0.0044615995,-0.1807098041,-2.09947715892728E-005,0.1181771839,0.0385053978,0.0135236005,-0.0173784655,-0.0166396627,-0.0420419218,0.0005458102,0.0408613945,0.0009212467,0.159925751,0.0059573471,1532095585.16,585.1600000858
1532095586006040000,1,0,0,0,0,0,0,0,1,0,0,0,0,0.4942940278,0,0.2243255278,1,0,0,0,0.000017321,-0.0036333693,-7.76946895788312E-005,-0.0020605636,0.999647924,0.0181498487,-0.0003539918,0.0193035906,-0.0112471397,0.432066882,0.0051059282,0.1762904539,-0.8920098282,-0.4552087988,0.4015194712,0.1606844875,-0.3305728598,1.8442284022,-0.0092038847,0.8785874963,-0.5188690015,-0.2646116859,0.3021942152,0.2945243113,1.8568837437,0.072097097,-0.0197056574,0.0433769035,0.0051084547,-0.1793687049,-0.0002804187,0.1175324758,0.0376483253,0.0079704577,-0.0292637096,-0.0152065943,-0.0168828023,0.0021105742,0.0297210108,0.0047415043,0.1657266616,0.008355437,1532095586.01,586.0099999905
1532095586892520000,1,0,0,0,0,0,0,0,1,0,0,0,0,0.4975737605,0,0.2276052605,1,0,0,0,5.18206103735704E-005,-0.0041092176,0.0008368602,-0.0006228393,0.9996682828,0.0170583247,-0.0029528443,0.0190199334,-0.0107813611,0.4323336722,0.0050243135,0.1796921434,-0.8904758474,-0.4686311307,0.3992185,0.1587670115,-0.3286553838,1.8518983062,-0.0092038847,0.8736020587,-0.511966088,-0.2638446955,0.2657621715,0.2949078065,1.8798934556,0.077849525,-0.0188542155,0.0380142606,0.0057832257,-0.1669032565,-0.0006858926,0.1114264656,0.0357075112,0.0056120364,-0.0305317199,-0.0147677794,-0.0103005516,0.0030482437,0.0257550554,0.0052384868,0.1702681973,0.0084791351,1532095586.89,586.8900001049
1532095587721930000,1,0,0,0,0,0,0,0,1,0,0,0,0,0.5008978156,0,0.2309293156,1,0,0,0,4.04434692925192E-005,-0.0041323296,0.00007889,-0.0009108732,0.9996984995,0.0162045416,-0.0017035639,0.0183181956,-0.0103216778,0.431636446,0.0051646893,0.1819444172,-0.8904758474,-0.4728495779,0.3965340337,0.1599174971,-0.3286553838,1.8549662678,-0.0092038847,0.8709175923,-0.502378708,-0.2619272195,0.2343155653,0.2949078065,1.9029031674,0.0859029241,-0.022967787,0.0490068508,0.020348992,-0.1785086909,0.0114601106,0.1079432264,0.0266293905,0.0039002794,-0.0393092558,-0.0003689424,-0.0128268584,0.0146921659,0.0372689602,-0.0042595397,0.1767045303,0.0084645287,1532095587.72,587.7200000286
1532095588564910000,1,0,0,0,0,0,0,0,1,0,0,0,0,0.5042633495,0,0.2342948495,1,0,0,0,8.3465542051072E-005,-0.004385314,0.000634745,0.0011203178,0.9996947019,0.0147910127,-0.0048863214,0.0191307321,-0.0099057844,0.4317778005,0.0047851769,0.1850274788,-0.8893253618,-0.4858884146,0.3961505385,0.1545485644,-0.3263544126,1.8641701525,-0.0088203895,0.8670826404,-0.4947088041,-0.2607767339,0.1975000264,0.2945243113,1.9243788984,0.0905048665,-0.0131063131,0.0119007959,0.0168839953,-0.105950668,0.0069358237,0.0745504872,0.0157388601,0.0004895898,-0.0465116131,0.0009214677,0.0022421685,0.0159232314,0.0300050955,-0.0008932297,0.1827894608,0.0091408953,1532095588.56,588.5599999428
1532095589420660000,1,0,0,0,0,0,0,0,1,0,0,0,0,0.5076710243,0,0.2377025243,1,0,0,0,0.0001062198,-0.0047470525,0.0013425951,0.0024048983,0.9996921221,0.0155893614,-0.0060588687,0.0182770914,-0.0101295041,0.4316606222,0.005554125,0.1877062171,-0.8885583714,-0.4970097753,0.3957670433,0.1549320596,-0.3244369366,1.871073066,-0.0092038847,0.8628641932,-0.4897233665,-0.256941782,0.1737233242,0.2952913017,1.9397187063,0.0962572944,-0.0061922033,-0.0189310469,0.0133938339,-0.0455014443,0.003328902,0.0464415706,0.0049025467,-0.0011362889,-0.0463054401,0.0004913108,0.0009005541,0.0165194907,0.0302242765,-0.0025717825,0.1893845951,0.0109764484,1532095589.42,589.4200000763
1532095590273220000,1,0,0,0,0,0,0,0,1,0,0,0,0,0.5111214872,0,0.2411529872,1,0,0,0,8.20465493854474E-005,-0.0038853246,0.0014993532,0.000902609,0.9996207691,0.0178676215,-0.0049188368,0.0203223265,-0.0115188748,0.4306774889,0.0057652815,0.1893327843,-0.8885583714,-0.5000777369,0.3957670433,0.15569905,-0.3190680039,1.874908018,-0.0084368943,0.8613302124,-0.4897233665,-0.2546408108,0.1656699251,0.2987427584,1.9496895814,0.0951068088,-0.0015369387,-0.0357366039,-0.0010466005,-0.0197479673,-0.0104422358,0.0414060704,0.0112219229,0.0014733523,-0.0354184218,-0.0154911976,-0.0004425058,0.004764259,0.0195499129,0.0063766862,0.1996060708,0.0085225607,1532095590.27,590.2699999809
1532095591164450000,1,0,0,0,0,0,0,0,1,0,0,0,0,0.5146145796,0,0.2446460796,1,0,0,0,6.68543036808425E-005,-0.0042432138,0.0004527691,0.0010928529,0.9995695426,0.0187132028,-0.0086634427,0.0208233669,-0.0120150653,0.4307207139,0.0059054227,0.1921346613,-0.8889418666,-0.5123495832,0.3938495673,0.1564660404,-0.3190680039,1.8818109315,-0.0092038847,0.8609467172,-0.4966262801,-0.2515728492,0.1560825452,0.2983592632,1.9581264757,0.0977912752,0.0015378968,-0.0468733085,-0.002591915,0.0055231117,-0.012538082,0.0298265879,0.0067302889,0.0028128329,-0.0326889225,-0.016694911,-0.0026162075,0.0046374971,0.0202796778,0.0064967005,0.2074237146,0.0088100376,1532095591.16,591.1600000858
1532095591979950000,1,0,0,0,0,0,0,0,1,0,0,0,0,0.5181522457,0,0.2481837457,1,0,0,0,3.4285285556282E-005,-0.0042565664,0.0002899336,-0.0008750214,0.9995654552,0.0189175362,-0.010023002,0.0202159872,-0.0120029807,0.4305871295,0.0058318863,0.1934394876,-0.8889418666,-0.5146505543,0.3903981105,0.1568495356,-0.3179175183,1.8833449123,-0.0088203895,0.8601797268,-0.5054466696,-0.251189354,0.1580000212,0.297975768,1.9623449229,0.0981747704,0.0012787034,-0.0447446169,-0.0019719691,0.0005645638,-0.012688445,0.0324624103,0.0074930132,0.0034762395,-0.0340162208,-0.0171528727,-0.0037772555,0.0048727144,0.0227048285,0.0062856242,0.215969237,0.0087104721,1532095591.98,591.9800000191
1532095592831920000,1,0,0,0,0,0,0,0,1,0,0,0,0,0.5217306825,0,0.2517621825,1,0,0,0,-1.37185354757395E-005,-0.0048356569,0.0003592544,-0.0043726208,0.9995543918,0.0180940415,-0.0142297073,0.0189539549,-0.0114159325,0.4306869991,0.0058672459,0.1952872753,-0.8881748762,-0.5192524967,0.3869466537,0.1568495356,-0.3179175183,1.8875633595,-0.0053689328,0.8597962316,-0.5207864775,-0.2519563444,0.157616526,0.2964417873,1.9696313316,0.1000922464,0.0019510498,-0.0434401691,-0.0013827823,0.0022748498,-0.0129701851,0.0312186922,0.0067031559,0.0036175675,-0.0354523159,-0.0174216732,-0.0028506334,0.0057512738,0.0249746066,0.0059547556,0.2243568675,0.0130587066,1532095592.83,592.8299999237
1532095593676110000,1,0,0,0,0,0,0,0,1,0,0,0,0,0.5253517132,0,0.2553832132,1,0,0,0,2.45503941303429E-005,-0.0045547448,0.0006058776,-0.0019505249,0.9995712156,0.0174424265,-0.014225126,0.0186789282,-0.0111361157,0.4300532506,0.0057986001,0.1987616355,-0.887791381,-0.5311408478,0.3838786922,0.153781574,-0.3140825663,1.8933157874,-0.005752428,0.8597962316,-0.5280728862,-0.2508058588,0.1583835163,0.2937573209,1.97615075,0.1004757416,0.0013407635,-0.0422543054,-0.0006286829,-4.30823536897937E-006,-0.0130275181,0.0315300553,0.0069108117,0.0008577287,-0.0397888008,-0.0165903129,0.0104779674,0.0071536747,0.0162110213,0.0081052827,0.2309059722,0.0099834533,1532095593.68,593.6800000668
1532095594526060000,1,0,0,0,0,0,0,0,1,0,0,0,0,0.5290149453,0,0.2590464453,1,0,0,0,-5.92528214301245E-006,-0.0048105549,0.0002747805,-0.003928803,0.9995664653,0.0165972968,-0.0176248514,0.0166997072,-0.0103933612,0.4302321217,0.006265967,0.2011174082,-0.8866408954,-0.5376602662,0.379660245,0.1533980788,-0.3148495567,1.8967672442,-0.0053689328,0.860563222,-0.5422622085,-0.2515728492,0.1587670115,0.2922233401,1.9830536635,0.1046941888,0.0008954965,-0.0398773493,0.0001972884,-0.0008947071,-0.013124842,0.0313407868,0.0056500037,0.0002161887,-0.0414399124,-0.0164871049,0.0136659765,0.0080817328,0.0162639123,0.0075476026,0.238588223,0.0124342167,1532095594.53,594.5299999714
1532095595376450000,1,0,0,0,0,0,0,0,1,0,0,0,0,0.5327206793,0,0.2627521793,1,0,0,0,3.20384779251628E-005,-0.0054298583,0.0010188713,-0.0021953671,0.9996341351,0.014793748,-0.0165175978,0.0154276773,-0.009380261,0.4296053252,0.0060903539,0.2023606087,-0.8862574002,-0.5437961893,0.3762087882,0.157616526,-0.3133155759,1.9006021962,-0.0046019424,0.8601797268,-0.5434126941,-0.2519563444,0.1591505067,0.2887718833,1.9861216251,0.1054611792,0.0006673663,-0.0413311008,0.0011398104,-0.0027168673,-0.0127865807,0.0330452639,0.0056736239,0.0035386097,-0.0338141562,-0.0178840872,-0.0057479563,0.0077055769,0.025549235,0.0032880461,0.2469769066,0.0118896757,1532095595.38,595.3800001144
1532095596276830000,1,0,0,0,0,0,0,0,1,0,0,0,0,0.5364689406,0,0.2665004406,1,0,0,0,3.2088489801841E-005,-0.0051084319,0.0010133871,-0.0016918699,0.9996458064,0.014236039,-0.0159299573,0.0158092438,-0.0092560349,0.4284276582,0.0058649793,0.2053907535,-0.8854904098,-0.5526165788,0.3723738363,0.1587670115,-0.3110146047,1.9052041386,-0.0023009712,0.860563222,-0.5503156077,-0.2519563444,0.157616526,0.2876213977,1.995709005,0.1054611792,0.0011417408,-0.0437282762,0.0013350711,0.0026292716,-0.0133826718,0.0291652545,0.0048621102,0.0046075066,-0.0306521162,-0.0186911473,-0.0115116886,0.0078009362,0.0267582306,0.0024143553,0.2553996217,0.0109517951,1532095596.28,596.2799999714
1532095597094360000,1,0,0,0,0,0,0,0,1,0,0,0,0,0.5402622148,0,0.2702937148,1,0,0,0,-8.20747464205449E-007,-0.0057494994,0.0008931653,-0.0049490548,0.999607629,0.0135337555,-0.0199756199,0.0141596225,-0.0086130492,0.4287744081,0.0057433652,0.2063239295,-0.8866408954,-0.55491755,0.3693058747,0.1572330308,-0.3083301384,1.9101895761,-0.0026844664,0.8597962316,-0.5637379395,-0.2519563444,0.1595340019,0.2853204265,1.9991604618,0.10699516,0.0008410373,-0.0392781585,0.0025148095,-0.0041781311,-0.0131303427,0.032851964,0.0055635394,0.0037131019,-0.0363576935,-0.0182515495,-0.0033145003,0.0091869324,0.0262809151,0.0036584472,0.265336676,0.0152771241,1532095597.09,597.0899999142
1532095597933670000,1,0,0,0,0,0,0,0,1,0,0,0,0,0.5440963639,0,0.2741278639,1,0,0,0,4.71655463311453E-005,-0.0056368241,0.0008082988,-0.0006757997,0.9996594727,0.0123451662,-0.0178660966,0.0144024388,-0.0082065241,0.4274309979,0.0053513083,0.2098693034,-0.8854904098,-0.5671893963,0.3650874275,0.1564660404,-0.307563148,1.9159420041,-0.0023009712,0.860563222,-0.5656554155,-0.2515728492,0.1583835163,0.2826359602,2.0064468706,0.10699516,0.0007216535,-0.0423795024,0.0029350433,-0.0001515647,-0.0134261991,0.0300897406,0.004880834,0.0028277026,-0.0359679332,-0.018043534,0.0003288262,0.0100538016,0.0206333628,0.0044275144,0.2729480038,0.0114688862,1532095597.93,597.9300000668
1532095598792870000,1,0,0,0,0,0,0,0,1,0,0,0,0,0.547972483,0,0.278003983,1,0,0,0,2.61524926489301E-005,-0.0057656927,0.0009287388,-0.0028068925,0.9996447065,0.0110278524,-0.0201913969,0.0133881266,-0.0074375112,0.4271570164,0.0053595905,0.2115652078,-0.8847234194,-0.5710243483,0.3616359707,0.1549320596,-0.3052621768,1.9209274416,-0.0007669904,0.8613302124,-0.5775437666,-0.2523398396,0.1591505067,0.2799514938,2.0129662889,0.1085291407,0.0002201738,-0.0397274886,0.0040540024,-0.0032454703,-0.0132063735,0.0309967022,0.0048605556,0.0010301391,-0.041300435,-0.0173600854,0.009192724,0.0117481565,0.0181976535,0.0055380564,0.2826263235,0.0129590762,1532095598.79,598.7899999619
1532095599645570000,1,0,0,0,0,0,0,0,1,0,0,0,0,0.5518915563,0,0.2819230563,1,0,0,0,0.000054251,-0.0058141187,0.0006267405,0.0001762077,0.9996470262,0.0109096304,-0.0204872303,0.012851491,-0.007304926,0.4265778333,0.005495788,0.2148493499,-0.8843399242,-0.5844466802,0.3578010188,0.15569905,-0.3041116912,1.923611908,-0.0003834952,0.8613302124,-0.5825292042,-0.2504223636,0.157616526,0.2780340178,2.0187187169,0.1104466167,0.0005400577,-0.0431280599,0.0040094638,0.0034986673,-0.0140352953,0.0274177988,0.0031440426,0.0017695006,-0.0372092465,-0.0181288133,0.0054392373,0.0116846899,0.0172714488,0.0044762813,0.2906655566,0.011700911,1532095599.65,599.6500000954
1532095600494250000,1,0,0,0,0,0,0,0,1,0,0,0,0,0.5558532728,0,0.2858847728,1,0,0,0,1.65638681622997E-005,-0.0058666352,0.0010935307,-0.0037783076,0.9995872036,0.0093241082,-0.0241871843,0.0123102762,-0.0065134472,0.4265306118,0.0050797128,0.2158038384,-0.8843399242,-0.5867476514,0.3551165524,0.1564660404,-0.3010437296,1.9289808408,0.0003834952,0.8613302124,-0.5963350313,-0.251189354,0.157616526,0.274582561,2.0252381352,0.1100631215,0.0010594788,-0.041667735,0.0049987127,0.0039542348,-0.0139921391,0.0268281583,0.0032814796,0.0025072224,-0.0378366665,-0.0185302379,0.0020267596,0.0126511848,0.022430404,0.003899289,0.3017122003,0.0141264047,1532095600.49,600.4900000095
1532095601346030000,1,0,0,0,0,0,0,0,1,0,0,0,0,0.559857413,0,0.289888913,1,0,0,0,5.12859218729962E-005,-0.0059872796,0.0009124475,-0.0008363773,0.9996145182,0.0083002889,-0.0236278347,0.0119047525,-0.0060237923,0.4258036541,0.0047529039,0.2183563024,-0.883956429,-0.5974855169,0.3493641244,0.1580000212,-0.2983592632,1.9305148216,0.0015339808,0.8617137076,-0.5997864881,-0.2508058588,0.1580000212,0.2718980947,2.0294565824,0.1104466167,0.0003708856,-0.0418316376,0.0058580114,0.0020816499,-0.0139373163,0.0277044103,0.0034120909,0.0041273864,-0.0326419362,-0.0193272285,-0.0066852211,0.0124734107,0.0245466477,0.002368527,0.3105861229,0.0122277723,1532095601.35,601.3499999046
1532095602198450000,1,0,0,0,0,0,0,0,1,0,0,0,0,0.5639041453,0,0.2939356453,1,0,0,0,6.70573349727602E-006,-0.0060805412,0.0009799084,-0.003774015,0.9995230425,0.0086441827,-0.0270198547,0.0121229682,-0.0062190512,0.425583261,0.0047106248,0.2197931925,-0.8835729338,-0.6013204689,0.3474466485,0.1572330308,-0.2968252825,1.9381847255,0.0011504856,0.8609467172,-0.6120583344,-0.2477378972,0.1580000212,0.2692136283,2.0348255151,0.1100631215,0.0009376382,-0.0407873778,0.0061187032,0.0027264421,-0.014446306,0.02725172,0.0035950431,0.0037288081,-0.0360205586,-0.0196918799,-0.0015802333,0.0133390612,0.0241846466,0.0034792467,0.3218537107,0.0144466454,1532095602.2,602.2000000477
1532095603060200000,1,0,0,0,0,0,0,0,1,0,0,0,0,0.5679934991,0,0.2980249991,1,0,0,0,5.19704291485398E-005,-0.0069276548,0.0009119146,-0.0009688004,0.9995464491,0.0075157759,-0.0266421438,0.0117760825,-0.0056869739,0.4243116452,0.0047683695,0.2226889069,-0.8824224482,-0.6128253248,0.3428447061,0.1568495356,-0.2937573209,1.9473886102,0.003834952,0.862480698,-0.6174272671,-0.2469709068,0.1591505067,0.2657621715,2.0398109527,0.1112136071,-0.0004473735,-0.0382389709,0.0072403271,-0.0033239968,-0.0140184243,0.0295959919,0.0040907529,0.0031425194,-0.0353600321,-0.0197902635,0.0009142781,0.0143108436,0.0202376729,0.0036433493,0.3315453209,0.014108517,1532095603.06,603.0599999428
1532095603910190000,1,0,0,0,0,0,0,0,1,0,0,0,0,0.5721259384,0,0.3021574384,1,0,0,0,1.47211072191109E-005,-0.0066066905,0.0011241374,-0.0037519018,0.9994876678,0.0073586075,-0.0294517438,0.010045573,-0.0052176322,0.4245281459,0.0054494365,0.2241304144,-0.8812719626,-0.6162767815,0.3390097541,0.1568495356,-0.2910728545,1.9485390958,0.003834952,0.862480698,-0.6293156182,-0.2458204213,0.1595340019,0.2638446955,2.0455633806,0.1146650639,-0.0010616174,-0.0359777083,0.0080258574,-0.0051885416,-0.0141773617,0.0300704557,0.0031281107,0.0025026104,-0.0371867736,-0.0199454837,0.0017895094,0.0149548797,0.0221987826,0.0023974769,0.341847206,0.0153608348,1532095603.91,603.9100000858
1532095604756160000,1,0,0,0,0,0,0,0,1,0,0,0,0,0.5763008779,0,0.3063323779,1,0,0,0,0.000037487,-0.0063736522,0.0010404027,-0.0022066273,0.9995363542,0.0060679195,-0.0281245258,0.0098656967,-0.0046655345,0.4236062313,0.0048882503,0.2260805935,-0.8816554578,-0.6227961999,0.3351748022,0.1580000212,-0.2883883881,1.9504565718,0.0034514568,0.862480698,-0.6320000846,-0.2446699357,0.1591505067,0.2600097435,2.0513158086,0.1142815687,-0.0010943496,-0.038031395,0.0086818736,-0.0036257256,-0.0142638594,0.0289771618,0.0030305622,0.0038980408,-0.0339803806,-0.020518789,-0.005957553,0.0150769511,0.0248625692,0.001437862,0.3518751808,0.0136491881,1532095604.76,604.7599999905
1532095605605200000,1,0,0,0,0,0,0,0,1,0,0,0,0,0.5805181146,0,0.3105496146,1,0,0,0,2.21454984039755E-006,-0.0065315096,0.0006073089,-0.0041427629,0.9993679299,0.0063731135,-0.0335798754,0.0096734771,-0.0047430966,0.4241088615,0.0049155019,0.2276602997,-0.8816554578,-0.630849599,0.3305728598,0.157616526,-0.2849369313,1.9542915238,0.0030679616,0.8620972028,-0.6446554261,-0.2419854693,0.1568495356,0.2577087724,2.0551507606,0.1154320543,0.0009060198,-0.0427778507,0.0080310095,0.0104822097,-0.0157923223,0.0226388741,0.0006500858,0.0039452932,-0.0352345878,-0.0209536723,-0.0021352135,0.0156273609,0.0249705785,0.0022236817,0.3631606343,0.0155166912,1532095605.61,605.6099998951
1532095606458140000,1,0,0,0,0,0,0,0,1,0,0,0,0,0.5847778102,0,0.3148093102,1,0,0,0,3.40167620542804E-005,-0.0069662521,0.0010703467,-0.0025200261,0.9994236886,0.005315256,-0.0320732648,0.0096644674,-0.0043182005,0.4226629853,0.0047442191,0.2298432407,-0.880121477,-0.6369855222,0.3267379078,0.15569905,-0.2818689698,1.9642623989,0.003834952,0.862480698,-0.6477233877,-0.2416019741,0.1568495356,0.255024306,2.0612866837,0.1150485591,0.0007617604,-0.0437894985,0.0086994857,0.0103405633,-0.0158772794,0.0220517225,0.0008108211,0.001288419,-0.0414279023,-0.0199759914,0.011172248,0.0175647825,0.0167848032,0.0043912627,0.3738890922,0.0149699489,1532095606.46,606.4600000381
1532095607312350000,1,0,0,0,0,0,0,0,1,0,0,0,0,0.5890801491,0,0.3191116491,1,0,0,0,1.26776714151683E-005,-0.0065338271,0.0014196526,-0.0037110832,0.9993125316,0.0051526214,-0.0355159052,0.0091972081,-0.0041388184,0.4228364909,0.004914596,0.2317880664,-0.8785874963,-0.6450389213,0.3221359655,0.1564660404,-0.2791845034,1.9650293893,0.0042184472,0.862480698,-0.6603787292,-0.2400679933,0.1587670115,0.2523398396,2.0651216357,0.1154320543,-0.0009567531,-0.0367677166,0.0102378951,-0.0005534926,-0.0153385181,0.0269319906,0.0022124175,0.0017821453,-0.038980621,-0.0207696841,0.0069190762,0.0176479622,0.0197908923,0.0030381449,0.3846210561,0.0152942406,1532095607.31,607.3099999428
1532095608168100000,1,0,0,0,0,0,0,0,1,0,0,0,0,0.5934252043,0,0.3234567043,1,0,0,0,3.67063764147844E-005,-0.0065794728,0.0010321198,-0.0013715095,0.9993255788,0.0050507679,-0.0351156918,0.0093710262,-0.0041706272,0.4217158018,0.0046231293,0.2347843435,-0.8789709915,-0.6569272724,0.3171505279,0.157616526,-0.2753495514,1.9680973509,0.0053689328,0.862480698,-0.6665146523,-0.2373835269,0.1606844875,0.249271878,2.0701070733,0.1150485591,-0.0028496695,-0.0307288912,0.0116207808,-0.0128486246,-0.0147178167,0.0318892623,0.0041858496,0.0036938859,-0.0329697877,-0.0219463252,-0.0012644325,0.017125614,0.0207272936,0.0021397522,0.3947073419,0.0135993781,1532095608.17,608.1700000763
1532095609017390000,1,0,0,0,0,0,0,0,1,0,0,0,0,0.5978130405,0,0.3278445405,1,0,0,0,2.27570964198183E-005,-0.0066150175,0.0012930383,-0.0029242159,0.9993416457,0.0045075554,-0.0348825134,0.008787181,-0.0038068151,0.4207111761,0.0047886825,0.2361361635,-0.8785874963,-0.6596117388,0.3144660615,0.1591505067,-0.2718980947,1.9738497788,0.0069029135,0.862480698,-0.6730340707,-0.2350825557,0.1606844875,0.2458204213,2.0770099868,0.1161990447,-0.0029926725,-0.0306659219,0.0121823673,-0.0134162936,-0.01480676,0.0313832937,0.0038803129,0.0055347565,-0.0291373744,-0.023218051,-0.0130678117,0.01692525,0.0271748598,-0.0002016697,0.406594756,0.014694413,1532095609.02,609.0199999809
1532095609866760000,1,0,0,0,0,0,0,0,1,0,0,0,0,0.6022433379,0,0.3322748379,1,0,0,0,1.20793329968462E-005,-0.006785137,0.0011362121,-0.002980401,0.9992666129,0.0044100487,-0.0369217714,0.0090341662,-0.0038303593,0.420571054,0.0046297192,0.2372934799,-0.8774370107,-0.6649806715,0.3090971288,0.1591505067,-0.2692136283,1.9776847308,0.0065194183,0.8620972028,-0.6780195082,-0.2323980894,0.1583835163,0.2431359549,2.0800779484,0.1161990447,-0.0009119823,-0.0387046054,0.0113413336,0.002159961,-0.0163215848,0.0247208195,0.0016947081,0.0057212921,-0.0298124167,-0.0235698218,-0.0125660456,0.0172613015,0.027793041,0.0001349434,0.4184482879,0.0149949128,1532095609.87,609.8699998856
1532095610710370000,1,0,0,0,0,0,0,0,1,0,0,0,0,0.6067161213,0,0.3367476213,1,0,0,0,1.23866868469162E-005,-0.0075557453,0.0009556112,-0.003498542,0.9990828992,0.0037478914,-0.0418705295,0.0080135138,-0.003296392,0.4213473498,0.0046057513,0.2379792474,-0.8770535155,-0.6691991187,0.3044951864,0.1522475932,-0.2649951811,1.9822866731,0.0072864087,0.8620972028,-0.6864564026,-0.231631099,0.1568495356,0.2404514885,2.0800779484,0.1177330255,0.0006450188,-0.0437275396,0.0112003726,0.0136325375,-0.0174271291,0.0208404237,-0.0003784978,-0.003509682,-0.0571685337,-0.0189743837,0.0444095951,0.0226239504,0.0026910784,0.0091120982,0.4307914963,0.016762133,1532095610.71,610.7100000381
1532095611568080000,1,0,0,0,0,0,0,0,1,0,0,0,0,0.6112310694,0,0.3412625694,1,0,0,0,0.000061683,-0.0075807985,0.0010081861,-2.22605369512019E-005,0.9989861324,0.0039489772,-0.0439181704,0.0089637603,-0.0036232637,0.4208890568,0.0046555424,0.2411902717,-0.8766700203,-0.6883738786,0.3006602344,0.1568495356,-0.2600097435,1.9834371587,0.0084368943,0.862480698,-0.6933593161,-0.227796147,0.1568495356,0.2370000317,2.0827624148,0.1169660351,0.0001968076,-0.0432677552,0.011424276,0.0147324936,-0.0178688546,0.0199972035,-0.0002986745,0.0027396019,-0.0351311629,-0.0231011582,0.0075435992,0.0196782475,0.0167600585,0.0034034782,0.441170395,0.015295155,1532095611.57,611.5699999332
1532095612460620000,1,0,0,0,0,0,0,0,1,0,0,0,0,0.6157889053,0,0.3458204053,1,0,0,0,5.4402923390642E-006,-0.0083268664,0.0017547619,-0.0043859403,0.9988051418,0.0031842772,-0.0481543114,0.0075730103,-0.0029377472,0.4213672368,0.0047512418,0.2404961368,-0.8766700203,-0.6899078594,0.2960582921,0.1660534203,-0.2554078012,1.9880391011,0.0084368943,0.8617137076,-0.704864172,-0.2262621662,0.1599174971,0.2327815846,2.0827624148,0.1173495303,-0.0020600018,-0.0325523187,0.0138633396,-0.0071730107,-0.0161837175,0.0321139789,0.0027094755,0.0157314521,-0.0018372003,-0.0298718914,-0.0703159183,0.0139714978,0.0598850865,-0.0095127725,0.4557225184,0.0191470484,1532095612.46,612.4600000381
1532095613278820000,1,0,0,0,0,0,0,0,1,0,0,0,0,0.6203913663,0,0.3504228663,1,0,0,0,3.13471834961845E-005,-0.0090341649,0.0022968792,-0.0027294797,0.9987041963,0.0031328003,-0.050241134,0.007347112,-0.0028601541,0.4211376864,0.004837107,0.242289684,-0.8728350683,-0.6914418401,0.2914563497,0.1476456508,-0.2534903252,1.999543957,0.0095873799,0.8609467172,-0.7110000952,-0.223961195,0.1610679827,0.2300971182,2.0835294051,0.1169660351,-0.0030296419,-0.0283105241,0.0149435526,-0.0157709369,-0.0158909917,0.0368762836,0.0040553044,-0.0111309265,-0.0779552616,-0.0164997613,0.0913151967,0.0279434521,-0.0190385023,0.015161258,0.4676020941,0.0194259465,1532095613.28,613.2799999714
1532095614133010000,1,0,0,0,0,0,0,0,1,0,0,0,0,0.6250347379,0,0.3550662379,1,0,0,0,6.07316610248816E-005,-0.0098370681,0.0017376652,0.0003872763,0.9986062276,0.0035878811,-0.0520678476,0.0077269283,-0.0031449176,0.4207216361,0.0049771559,0.2446230677,-0.8747525443,-0.7136845616,0.2868544073,0.1668204107,-0.2488883828,1.9983934714,0.0092038847,0.8613302124,-0.7152185424,-0.2201262431,0.1606844875,0.2274126518,2.0842963955,0.1177330255,-0.0031021394,-0.0301329441,0.0147681935,-0.0127213045,-0.0165213466,0.0361784156,0.0033509447,0.0175041183,0.007169369,-0.0321223267,-0.0792109208,0.0133343001,0.0606506416,-0.0108707591,0.4791368958,0.0199937363,1532095614.13,614.1300001144
1532095614986860000,1,0,0,0,0,0,0,0,1,0,0,0,0,0.6297208347,0,0.3597523347,1,0,0,0,0.000038245,-0.0106078674,0.0012253667,-0.0015529626,0.9982458745,0.0033089697,-0.0586675828,0.0070975228,-0.0028415768,0.4218976474,0.0050400672,0.2446254043,-0.8724515731,-0.7106166,0.280334989,0.1487961364,-0.2446699357,2.0079808513,0.0092038847,0.8613302124,-0.7244224271,-0.2170582815,0.1568495356,0.2235776998,2.0839129003,0.1196505015,0.0010751361,-0.044564602,0.0128870593,0.0189496622,-0.0191803674,0.0230272955,-0.0014311346,-0.0090389175,-0.074467261,-0.0181101601,0.0885061582,0.0279638646,-0.0164422547,0.0145245163,0.4939620134,0.0215814798,1532095614.99,614.9900000095
1532095615828460000,1,0,0,0,0,0,0,0,1,0,0,0,0,0.6344496039,0,0.3644811039,1,0,0,0,1.24096445981029E-005,-0.0113723345,0.0015809022,-0.0026834469,0.9981366315,0.0032801864,-0.060505192,0.0070471538,-0.0027873076,0.4220074973,0.0053395439,0.2442008243,-0.8728350683,-0.7194369895,0.276500037,0.1683543915,-0.2400679933,2.0079808513,0.0092038847,0.8609467172,-0.7255729127,-0.2143738151,0.153781574,0.2212767287,2.0842963955,0.1204174918,0.0043996106,-0.0597068136,0.0111131185,0.0447854213,-0.0213528732,0.0130113445,-0.0051104326,0.0204161968,0.0118875441,-0.0341924123,-0.0968683175,0.0127484069,0.0764038372,-0.0135749191,0.50833576,0.0235822079,1532095615.83,615.8299999237
1532095616696370000,1,0,0,0,0,0,0,0,1,0,0,0,0,0.6392204589,0,0.3692519589,1,0,0,0,5.20753362801994E-006,-0.0120861809,0.0018985422,-0.0029572624,0.9978623222,0.002905273,-0.0649868684,0.0060895118,-0.002388644,0.4215463044,0.0053181478,0.2470543823,-0.8693836115,-0.7221214559,0.2703641139,0.1457281748,-0.2377670221,2.02485464,0.0099708751,0.8613302124,-0.7458981581,-0.2120728439,0.1649029347,0.2159077959,2.0846798907,0.1196505015,-0.0071108297,-0.0104317824,0.018876011,-0.0472314633,-0.0144529029,0.0558685979,0.0073110613,-0.0143784349,-0.0923503092,-0.0158557273,0.1261898922,0.0319568743,-0.0329437319,0.0188733525,0.5213092197,0.0251734489,1532095616.7,616.7000000477
1532095617544530000,1,0,0,0,0,0,0,0,1,0,0,0,0,0.6440347092,0,0.3740662092,1,0,0,0,-3.97675686123681E-006,-0.0129535491,0.0022514226,-0.0030138434,0.9978318877,0.0028996579,-0.0655126458,0.0054072657,-0.002190099,0.4211439242,0.0057144628,0.2475459775,-0.8720680779,-0.739762235,0.2661456667,0.1775582762,-0.2300971182,2.0179517265,0.0134223319,0.8609467172,-0.7489661197,-0.2090048823,0.1664369155,0.2128398343,2.0850633859,0.120800987,-0.0092035151,-0.0053078306,0.0201417895,-0.0617828138,-0.0134746826,0.0643259569,0.0085768398,0.0349708554,0.0605802674,-0.0427741157,-0.1930502824,0.0051413123,0.1229099242,-0.0280480686,0.5346898633,0.0269775158,1532095617.54,617.5399999619
1532095618390820000,1,0,0,0,0,0,0,0,1,0,0,0,0,0.6488913628,0,0.3789228628,1,0,0,0,1.92846410594473E-005,-0.0137434531,0.0024010077,-0.0007202939,0.9974282621,0.0028925093,-0.0712832949,0.0067244265,-0.0024999034,0.4222243373,0.0055745969,0.2482831926,-0.8636311836,-0.7309418454,0.2580922676,0.1334563285,-0.229713623,2.0401944479,0.0088203895,0.8597962316,-0.7481991293,-0.2051699304,0.1530145836,0.2105388631,2.0858303763,0.1204174918,0.0054105701,-0.0639302678,0.0116348824,0.0577443559,-0.0229673574,0.0091448404,-0.0065891346,-0.0347717282,-0.1572379168,-0.0052775664,0.2610058295,0.043256414,-0.0966898755,0.0372724571,0.5493543756,0.0279403769,1532095618.39,618.3900001049
1532095619242320000,1,0,0,0,0,0,0,0,1,0,0,0,0,0.6537903353,0,0.3838218353,1,0,0,0,-5.78406751241475E-005,-0.0146271341,0.002109483,-0.0041523076,0.9971523408,0.0026842376,-0.0750443208,0.0068106043,-0.0024090541,0.4227009076,0.0055197388,0.2469368751,-0.8701506019,-0.7539515572,0.2561747916,0.1905971129,-0.2228107094,2.0221701736,0.0145728175,0.8597962316,-0.7528010717,-0.2017184736,0.1507136124,0.2067039112,2.0850633859,0.120800987,0.007743384,-0.0773937344,0.0103927449,0.0806921301,-0.0245153537,0.0010898042,-0.0095743269,0.0559239688,0.1291307132,-0.0546504885,-0.3384080183,-0.0066338603,0.2002473561,-0.0468935158,0.5664385677,0.0307014416,1532095619.24,619.2400000095
1532095620085070000,1,0,0,0,0,0,0,0,1,0,0,0,0,0.6587318814,0,0.3887633814,1,0,0,0,-3.9161704858568E-005,-0.0142204945,0.003360853,-0.0044796083,0.9972574016,0.0019639684,-0.0738706855,0.0038681158,-0.0013789328,0.421101634,0.0057037192,0.2506280397,-0.860563222,-0.7278738839,0.2469709068,0.1161990447,-0.222043719,2.0612866837,0.005752428,0.8590292412,-0.7750437931,-0.1998009976,0.173339829,0.2001844928,2.0873643571,0.1204174918,-0.0187283628,0.031533673,0.0270290392,-0.1319350614,-0.0083427423,0.0995428325,0.0165666455,-0.0624371182,-0.2525840737,0.0110451254,0.4519158704,0.0588281161,-0.1869674833,0.0613845304,0.576410745,0.0305669552,1532095620.08,620.0799999237
1532095620944900000,1,0,0,0,0,0,0,0,1,0,0,0,0,0.6637155646,0,0.3937470646,0.9994412986,0.0021629264,0.030293073,-0.0138146706,-6.45481172589222E-005,-0.01621979,0.0018688955,-0.0031111619,0.9976970032,0.0048650432,-0.0676389132,-0.0001484036,-0.0013960141,0.4180632618,0.0089124597,0.2578616746,-0.8720680779,-0.7900001058,0.2454369261,0.2132233295,-0.2101553679,2.0271556112,0.0172572839,0.8597962316,-0.7773447643,-0.1944320649,0.1568495356,0.1994175024,2.0877478523,0.1211844822,-0.0074408891,-0.0425621951,0.0169926465,0.0297129496,-0.0197572084,0.0199297998,-0.0066204883,0.0795289582,0.2429601746,-0.0694322108,-0.5515920924,-0.0262645402,0.28252604,-0.0840413833,0.5815225918,0.0746945923,1532095620.94,620.9400000572
1532095621795870000,1,0,0,0,0,0,0,0,1,0,0,0,0,0.6687422418,0,0.3987737418,0.9994882258,0.0074585854,0.028665308,-0.0119192346,-5.09666332815773E-005,-0.0149388627,0.0033091271,-0.0056636343,0.9974254684,0.0054302376,-0.0714908062,-0.0001895095,-0.0016134485,0.4200936421,0.0087201378,0.2559449798,-0.8551942892,-0.7263399031,0.2339320702,0.0885873905,-0.2113058535,2.0758595012,0.0015339808,0.8571117652,-0.7765777739,-0.1928980841,0.1468786604,0.1944320649,2.0908158139,0.120800987,0.003860265,-0.097329729,0.011150231,0.1383772921,-0.0272018429,-0.0305669466,-0.0199154624,-0.1003620243,-0.3699025713,0.0308463179,0.6953655606,0.0737429565,-0.3173964255,0.0815215891,0.5970257171,0.0718590525,1532095621.8,621.7999999523
1532095622652770000,1,0,0,0,0,0,0,0,1,0,0,0,0,0.6738114657,0,0.4038429657,1,0,0,0,-3.73780120546674E-006,-0.0171555267,0.0023952953,0.0023916719,0.9971041036,0.0025436438,-0.0758577269,0.0045345657,-0.0018582572,0.4188458431,0.0049150983,0.2558854553,-0.8766700203,-0.8176117599,0.2358495461,0.2442864405,-0.200567988,2.0198692024,0.0172572839,0.85672827,-0.7873156394,-0.1875291513,0.1813932282,0.1894466273,2.0873643571,0.1181165207,-0.036367512,0.0807852329,0.0353459245,-0.2349992135,-0.0004329297,0.150846166,0.0269526597,0.12412231,0.3981241648,-0.0906456965,-0.8657950151,-0.0530844365,0.4491231537,-0.1096687737,0.6152213197,0.0349725395,1532095622.65,622.6500000954
1532095623504380000,1,0,0,0,0,0,0,0,1,0,0,0,0,0.6789235341,0,0.4089550341,0.999468536,0.0057323932,0.030023267,-0.0111578616,-0.0001087955,-0.015506257,0.0038784762,-0.007275685,0.996758992,0.0054035828,-0.0802405145,-0.001339576,-0.0012663387,0.4219224448,0.0083905115,0.2570958204,-0.8502088517,-0.7194369895,0.2228107094,0.050621366,-0.2074709016,2.0896653283,-0.0030679616,0.8525098229,-0.7923010769,-0.1844611897,0.14611167,0.1879126465,2.0881313475,0.1211844822,-0.0004498289,-0.107539836,0.0123571166,0.1655802638,-0.0279578626,-0.0424676129,-0.0243125454,-0.1417857743,-0.5120954536,0.0569552387,0.9881796004,0.0931696376,-0.4559458247,0.1175261933,0.6265886662,0.0740987028,1532095623.5,623.5
1532095624350730000,1,0,0,0,0,0,0,0,1,0,0,0,0,0.6840781707,0,0.4141096707,1,0,0,0,-3.89713165945089E-005,-0.0188342007,0.0025686135,0.0026610003,0.9960521543,0.0023549678,-0.0886126113,0.00451527,-0.00180258,0.4218489298,0.003971999,0.2555754718,-0.8808884674,-0.8463738997,0.229713623,0.272665085,-0.1928980841,2.0041458994,0.0191747598,0.8505923469,-0.7911505914,-0.1783252666,0.1599174971,0.1825437138,2.0865973667,0.1173495303,-0.0150875345,-0.0345430539,0.02195698,-0.0001789089,-0.0167740676,0.0418113501,-0.0014458004,0.1488118812,0.5095282932,-0.1026941261,-1.0874803616,-0.0720032825,0.5647297656,-0.1316549677,0.6485515608,0.038387801,1532095624.35,624.3499999046
1532095625204810000,1,0,0,0,0,0,0,0,1,0,0,0,0,0.6892751376,0,0.4193066376,1,0,0,0,-0.0001148244,-0.0168214256,0.0039863417,-0.0047955559,0.9954582178,0.0017853092,-0.0951513102,0.0019984037,-0.0008933599,0.4238438802,0.0039577825,0.254802511,-0.8563447748,-0.7439806821,0.2170582815,0.072097097,-0.2040194448,2.0892818331,-0.0003834952,0.8479078805,-0.8133933128,-0.1764077906,0.1698883723,0.1775582762,2.0858303763,0.1169660351,-0.0207980083,0.0270613632,0.0292704795,-0.1171721052,-0.009824255,0.0991195277,0.013389375,-0.1241641714,-0.4921711376,0.0498663279,0.9430509137,0.0928893772,-0.418349729,0.1207372847,0.6662269724,0.0358802806,1532095625.2,625.2000000477
1532095626054720000,1,0,0,0,0,0,0,0,1,0,0,0,0,0.6945148076,0,0.4245463076,0.9990294426,-0.0024866512,0.0424656228,-0.0112578176,-0.0002128076,-0.021106675,0.0029655308,-0.003036383,0.9966618482,0.0029215541,-0.0815075691,-0.0033403805,0.0002074853,0.4182513982,0.0066786038,0.2647542758,-0.8812719626,-0.8620972028,0.2216602238,0.2845534362,-0.1859951705,2.0121992985,0.0199417502,0.8459904045,-0.8122428272,-0.1698883723,0.1507136124,0.1775582762,2.0881313475,0.1211844822,-0.0100370959,-0.0838139334,0.0168308777,0.1236159682,-0.0237275003,-0.0231190631,-0.0193307831,0.1435235286,0.5398675099,-0.1011973946,-1.1399803221,-0.0745876037,0.5714273478,-0.1442890668,0.6649786063,0.0981051901,1532095626.05,626.0499999523
1532095626899210000,1,0,0,0,0,0,0,0,1,0,0,0,0,0.6997969751,0,0.4298284751,0.9993547428,0.0019283859,0.033845234,-0.0117036444,-0.0001970138,-0.0180532325,0.004900725,-0.0056250958,0.996730648,0.0043709337,-0.0805430891,-0.0044427372,-0.0001594999,0.419525498,0.0063350358,0.2621123647,-0.8597962316,-0.7577865092,0.2128398343,0.0962572944,-0.1975000264,2.0862138715,0.0015339808,0.8402379766,-0.8130098176,-0.1660534203,0.1610679827,0.1725728386,2.0892818331,0.1161990447,-0.0080479281,-0.0248526479,0.0218335363,-0.0128172653,-0.0175882417,0.04769487,0.0012485997,-0.093398819,-0.3858118633,0.0292586999,0.7186149413,0.0765315709,-0.3275995202,0.0801838341,0.6804472783,0.0818165916,1532095626.9,626.9000000954
1532095627760840000,1,0,0,0,0,0,0,0,1,0,0,0,0,0.7051213661,0,0.4351528661,0.9991417017,-0.0030619606,0.0399749936,-0.0102253164,-0.0002544946,-0.0204395267,0.0038115143,-0.003845935,0.9966634285,0.0037586005,-0.0814168287,-0.0041466889,1.8096797772806E-005,0.4171688287,0.0058808193,0.2670105571,-0.8797379819,-0.8559612796,0.2132233295,0.2600097435,-0.1806262378,2.0275391064,0.0149563127,0.8402379766,-0.8291166159,-0.1614514779,0.1691213819,0.171422353,2.0892818331,0.1181165207,-0.0276086153,0.0338517813,0.0301850472,-0.1183311795,-0.0088131446,0.0950584732,0.0099118988,0.1327518314,0.4929058348,-0.0961596852,-1.0498664693,-0.0640370014,0.5285349566,-0.1293128013,0.6924673,0.0930628608,1532095627.76,627.7599999905
1532095628653720000,1,0,0,0,0,0,0,0,1,0,0,0,0,0.7104888396,0,0.4405203396,0.9991008886,-0.000081017,0.0407520395,-0.0115226459,-0.0002805139,-0.0187046644,0.0044369,-0.0084992253,0.9960828009,0.0052484781,-0.0881441905,-0.0044859727,-0.0004673054,0.4208805304,0.0063612645,0.2636660791,-0.860563222,-0.7685243747,0.2047864352,0.0981747704,-0.1890631321,2.0865973667,0.0007669904,0.8364030246,-0.8245146735,-0.1560825452,0.1503301172,0.1683543915,2.0888983379,0.1181165207,0.006538522,-0.091979541,0.0130245417,0.1269159008,-0.0273002672,-0.0175154221,-0.0135938201,-0.09139819,-0.3932514895,0.0281346802,0.7312329487,0.0764466431,-0.332410914,0.0785369515,0.710913732,0.0946882253,1532095628.65,628.6500000954
1532095629471420000,1,0,0,0,0,0,0,0,1,0,0,0,0,0.7159009633,0,0.4459324633,0.9991650304,-0.0042216924,0.0388533268,-0.0117434387,-0.0002340499,-0.0218058897,0.0032847627,-0.0012068672,0.9962572126,0.0031465806,-0.0862183449,-0.0051063655,0.0004948426,0.4176260297,0.005073603,0.2682234208,-0.8816554578,-0.8697671067,0.2055534256,0.2615437243,-0.175257305,2.028689592,0.0141893223,0.835252539,-0.8298836062,-0.1507136124,0.1583835163,0.1629854587,2.0919662995,0.1173495303,-0.0127618723,-0.0396505382,0.0212215604,0.025615159,-0.0182279996,0.0276438102,-0.0047196561,0.1367183741,0.5208373271,-0.0978692876,-1.1035036503,-0.0668385243,0.556678325,-0.131391341,0.7227431989,0.0929364736,1532095629.47,629.4700000286
1532095630314690000,1,0,0,0,0,0,0,0,1,0,0,0,0,0.7213539703,0,0.4513854703,0.9991304501,-0.0022560684,0.0402598251,-0.0104153511,-0.0003258753,-0.0184535235,0.0046955773,-0.0091131227,0.9961392757,0.0038701141,-0.0874777423,-0.0061005621,0.0005003308,0.4187380614,0.005576379,0.2673776933,-0.8620972028,-0.7834806874,0.1982670168,0.1119805975,-0.1867621609,2.0885148427,0.0007669904,0.8344855486,-0.8486748709,-0.1487961364,0.1741068194,0.1587670115,2.0911993091,0.1173495303,-0.0204686848,0.0630668854,0.030991834,-0.1826048886,-0.0073667361,0.1309806092,0.0188123277,-0.0714880079,-0.3333055163,0.0175574913,0.6075822235,0.0687332202,-0.2740312513,0.0636106863,0.738139279,0.0935132322,1532095630.31,630.3099999428
1532095631165570000,1,0,0,0,0,0,0,0,1,0,0,0,0,0.7268491378,0,0.4568806378,0.9987294288,-0.0058343661,0.0485417738,-0.0120520658,-0.0003492664,-0.0218976983,0.0033937823,-0.0046733257,0.9957143683,0.0035649838,-0.0923245711,-0.003791148,-6.69947229203386E-006,0.4186832615,0.0050277701,0.269507171,-0.8774370107,-0.8697671067,0.1978835216,0.249271878,-0.1710388578,2.0378934767,0.0111213607,0.8329515678,-0.839087491,-0.1426602133,0.14611167,0.1591505067,2.0911993091,0.1165825399,0.0061331109,-0.1260949125,0.0104504638,0.2020919401,-0.029995064,-0.0550343586,-0.0209404791,0.1284315644,0.4961178902,-0.0945010918,-1.05734902,-0.0601788671,0.5357932678,-0.1231885759,0.7535137587,0.1105583161,1532095631.17,631.1700000763
