rosbagTimestamp,desiredRelPose,desiredAbsPose,currentRelPose,currentAbsPose,joint_state_left,joint_state_right,del_q,norm_error_abs,norm_error_rel,timeStamp,controlMode
1532092408595619866,"[1.0, 0.0, 0.0, 0.0, 0.0, 0.0, 0.0, 0.0]","[1.0, 0.0, 0.0, 0.0, 0.0, 0.36965, 0.0, 0.0996815]","[1.0, 0.0, 0.0, 0.0, 1.167945011258087e-16, 0.0, 1.3877774394074403e-17, 2.7755575615628914e-17]","[0.9999989864824641, 0.0, 0.0, 0.0, -1.0144447518074141e-15, 0.36964889341800766, -6.938879838533053e-18, 0.0996812015940677]","[-1.1159710231866384, -0.8364030245945219, 0.43258258218368667, 1.4058933920969816, -0.35319907641061654, 1.053461306080308, 0.20555342557664544]","[1.0339030510347689, -0.9261409006858186, -0.336325287743877, 1.5098205904762185, 0.25310683000109324, 1.0875923786107584, -0.07363107781849985]","[-0.0006782400139638806, 0.0003339211731431471, 0.0004976495602012769, -0.00010540334936601068, 0.000702301283250518, -0.00018662847809275448, -0.0008512264010826573, -0.0006660971027163192, -0.00023561345423015912, 0.0005593369007355003, 7.54258693876327e-05, 0.0006771987908765654, 0.00016365221828587974, -0.0007814339853436068]",0.00284748028185,6.20633418336e-17,1532092408.6,0
1532092410406991675,"[0.9999999999999611, -2.789497375488245e-07, -0.0, -0.0, 0.0, 0.0, -1.3947486877440864e-10, -3.8906478039279545e-17]","[1.0, 0.0, 0.0, 0.0, 0.0, 0.36965, 0.0, 0.0996815]","[1.0, 0.0, 0.0, 0.0, -2.35795484281303e-06, 0.0006645325497540711, -0.00014082730149425138, 0.0011724629177022189]","[0.9999421404068666, -0.0037567234829522836, 0.009957366287774706, 0.0006544359461868269, 0.0013191645312575784, 0.36517907256396803, -0.0010617464613893993, 0.09681740625384246]","[-1.1205729655502947, -0.8225971975035531, 0.43258258218368667, 1.4143302864303515, -0.3524320860166738, 1.050393344504537, 0.20555342557664544]","[1.037354507807511, -0.9123350735948498, -0.337475773334791, 1.5236264175671872, 0.2500388684253224, 1.0803059698683026, -0.07363107781849985]","[-0.008412569958827724, 0.012275156581729304, 0.00471892011813117, -0.01462243463192767, 0.006680433913881479, 0.004461187851311637, -0.004336223199467075, -0.0014208373952006043, 0.010935493184193483, 0.0009500891326815649, -0.017621824597370713, 0.003949077306568053, 0.008000264244469684, -0.006858997322503849]",0.0243991195945,0.00271005916566,1532092410.41,0
1532092411207513951,"[0.9999671147014949, -0.008109840662268596, -0.0, -0.0, 0.0, 0.0, -4.0548314320802515e-06, -3.2885118263459696e-08]","[1.0, 0.0, 0.0, 0.0, 0.0, 0.36965, 0.0, 0.0996815]","[1.0, 0.0, 0.0, 0.0, 2.157964125690205e-05, -0.002278223322858486, -0.0013393940803999888, -0.001207527111075829]","[0.9999513668303324, -0.00451842714011574, 0.008584327819882519, 0.001065378874070929, 0.0015626060357013616, 0.3645427769214266, -0.001885101922360472, 0.09462574402962029]","[-1.1247914127169796, -0.8164612743520114, 0.4314320965927726, 1.4196992191879505, -0.35204859081970247, 1.0496263541105944, 0.2059369207736168]","[1.0377380030044825, -0.9088836168221076, -0.3378592685317624, 1.5197914655974736, 0.2500388684253224, 1.0780049986864746, -0.07363107781849985]","[-0.00321829004009001, 0.011183983448359774, 0.0038360941664807484, -0.015025301465339624, 0.0039034596435857274, 0.004978781415347019, 0.00016185797046120234, 0.0020928005546666907, 0.01071163398167854, 0.0029883367890428435, -0.022214667538355774, 0.00505329232266622, 0.014661778838509987, -0.007381040567524765]",0.0239653419978,0.0172281576352,1532092411.21,0
1532092412016924780,"[0.9998701159267555, -0.016116801066487104, -0.0, -0.0, 0.0, 0.0, -8.057702734129975e-06, -1.298812615261472e-07]","[1.0, 0.0, 0.0, 0.0, 0.0, 0.36965, 0.0, 0.0996815]","[1.0, 0.0, 0.0, 0.0, 1.9834023348414605e-05, -0.0016710888838147864, -0.0005387781002735216, -7.465528114364295e-05]","[0.9998650848668337, -0.005901989367865264, 0.015262757911820383, 8.267740139334371e-05, 0.002165275973628552, 0.3627107781206252, -0.0020977737815077698, 0.09372723616245399]","[-1.1259418983078937, -0.8084078752156131, 0.4314320965927726, 1.4208497047788644, -0.3524320860166738, 1.049242858913623, 0.20401944478876002]","[1.0365875174135684, -0.8981457513069098, -0.33824276372873374, 1.522475931976273, 0.2500388684253224, 1.0783884938834458, -0.07363107781849985]","[-0.007675580083790396, 0.017284568360668606, 0.005426516099777421, -0.020301679804383656, 0.006199797564041987, 0.00458005180967451, -0.0028136015476475425, -0.0031459188545663206, 0.01729698416397654, 0.004724447347746564, -0.03132836061935983, 0.009896168919337794, 0.017808329664602156, -0.014245229524937637]",0.0373120242102,0.0324255152745,1532092412.02,0
1532092412827067324,"[0.9997069237508742, -0.024208812539316747, -0.0, -0.0, 0.0, 0.0, -1.2102041052371797e-05, -2.930619326719735e-07]","[1.0, 0.0, 0.0, 0.0, 0.0, 0.36965, 0.0, 0.0996815]","[1.0, 0.0, 0.0, 0.0, 1.3652148598351354e-05, -0.0005194450596436306, -0.001557427459003115, 0.0009189616868248984]","[0.9998571188193391, -0.005609951916838036, 0.01584494234540642, 0.0010902445228958878, 0.0019718548242595125, 0.36290655966960145, -0.002421361901038445, 0.09418218051033378]","[-1.1267088887018364, -0.8061069040337849, 0.431815591789744, 1.4108788296576094, -0.3508981052287884, 1.0549952868681933, 0.20325245439481732]","[1.037354507807511, -0.8969952657159956, -0.337475773334791, 1.5220924367793018, 0.2504223636222938, 1.0787719890804173, -0.07439806821244256]","[-0.010332616200293637, 0.016569134192014313, 0.007269375744691513, -0.01723994715633574, 0.008301310925852214, -0.0014193977045915502, -0.008850501931855206, 0.0009920221551202673, 0.021050200069281953, 0.0014776216379059123, -0.0358836882340011, 0.00887051040584835, 0.02346136359008455, -0.00875819406191709]",0.038249190207,0.0485668440929,1532092412.83,0
1532092413637876060,"[0.9994779965773856, -0.03230687786920424, -0.0, -0.0, 0.0, 0.0, -1.614781662049751e-05, -5.21958003276891e-07]","[1.0, 0.0, 0.0, 0.0, 0.0, 0.36965, 0.0, 0.0996815]","[1.0, 0.0, 0.0, 0.0, 2.818732660496339e-05, -0.0012583434319972109, -0.0019093897134669965, 7.997890124937512e-05]","[0.9998605184816779, -0.006044669073646698, 0.015260631259643356, 0.002739123916903356, 0.0019900374873932543, 0.362998690671165, -0.0032895540111652225, 0.0929668477325546]","[-1.1278593742927505, -0.7995874856852719, 0.431815591789744, 1.4066603824909245, -0.35051461003181705, 1.0603642196257923, 0.19980099762207515]","[1.0365875174135684, -0.8923933233523395, -0.33709227813781967, 1.5167235040217029, 0.2504223636222938, 1.0783884938834458, -0.07708253459124204]","[-0.01585162614174713, 0.020467913953449077, 0.012669724841419185, -0.02534940024441298, 0.016248032075443883, 0.010375184602890464, -0.010364492556123702, 0.010883677225151954, 0.016508384205102516, -0.0030065495571211906, -0.02903789477989287, -0.001689133004976421, 0.01686731809413378, -0.00022542796808010333]",0.0384758692948,0.0647849322787,1532092413.64,0
1532092414435651117,"[0.9991832283844878, -0.04040886183936058, -0.0, -0.0, 0.0, 0.0, -2.01934266193134e-05, -8.166604113666182e-07]","[1.0, 0.0, 0.0, 0.0, 0.0, 0.36965, 0.0, 0.0996815]","[1.0, 0.0, 0.0, 0.0, 1.6048903103057024e-05, -0.0001483409006570735, -0.0010694740353618907, 0.002064262420178098]","[0.9998214984125104, -0.0059691319738396, 0.017761223363856757, 0.0019664690930547507, 0.0020416268409888362, 0.36342891982011455, -0.0031027792532500632, 0.09316288477215141]","[-1.1259418983078937, -0.7965195241095011, 0.431815591789744, 1.398606983354526, -0.35051461003181705, 1.0622816956106491, 0.19941750242510378]","[1.0342865462317403, -0.8847234194129123, -0.33670878294084833, 1.5132720472489607, 0.25233983960715056, 1.07953897947436, -0.07784952498518474]","[-0.020078908958360862, 0.021382541666021715, 0.014253748321091633, -0.02534243289382148, 0.01940998855192987, 0.01006070549974285, -0.0138404907819176, 0.009732995886591688, 0.018285376170724493, -0.00449577907611881, -0.029082977428539714, -0.0027858679631872513, 0.015358944073249137, -0.0008224766668985008]",0.041924277285,0.0809730687705,1532092414.44,0
1532092415245326841,"[0.9988290295317797, -0.04837943534812272, -0.0, -0.0, 0.0, 0.0, -2.417082740742821e-05, -1.1707418860427705e-06]","[1.0, 0.0, 0.0, 0.0, 0.0, 0.36965, 0.0, 0.0996815]","[1.0, 0.0, 0.0, 0.0, 1.9515950641616105e-05, -0.000634760357362818, -0.0007504290161016256, 0.001515535228613002]","[0.9998507229294175, -0.0036771732078502563, 0.016620858991697973, 0.002597732263260424, 0.0011544577284525973, 0.36437179657880653, -0.0033668302615051616, 0.09297818259851369]","[-1.1244079175200083, -0.7926845721397876, 0.43104860139580126, 1.3917040698090417, -0.35128160042575973, 1.0661166475803625, 0.19941750242510378]","[1.0281506230801987, -0.8808884674431988, -0.33325732616810616, 1.5056021433095337, 0.25579129637989273, 1.0810729602622453, -0.08283496254581234]","[-0.018952858821350376, 0.02005969851338808, 0.014759509141173438, -0.02386547654840138, 0.019698761958181633, 0.010310778654436609, -0.013497887358906483, 0.012865727536743869, 0.016471100243688225, -0.005862653769609044, -0.026340485000350432, -0.005433539251386293, 0.014780846387870474, 0.002600246246909568]",0.0383782690648,0.0968634912764,1532092415.25,0
1532092416056018437,"[0.9984045896283752, -0.05646481567308662, -0.0, -0.0, 0.0, 0.0, -2.820236527143392e-05, -1.5949860138256299e-06]","[1.0, 0.0, 0.0, 0.0, 0.0, 0.36965, 0.0, 0.0996815]","[1.0, 0.0, 0.0, 0.0, 7.253393273671475e-06, -0.0003409460085183058, -0.0005013884411349805, 0.0006090796534843901]","[0.9998165299739007, -0.000679449030360301, 0.019011388277340974, 0.0017330803654993542, 0.00012241860326960021, 0.3641277289776501, -0.001901348048058922, 0.09298896834510907]","[-1.1217234511412089, -0.7873156393821886, 0.4314320965927726, 1.3894030986272135, -0.3516650956227311, 1.0680341235652193, 0.19903400722813244]","[1.0254661567013992, -0.8770535154734853, -0.3294223741983926, 1.5044516577186196, 0.2607767339405203, 1.0833739314440736, -0.08321845774278369]","[-0.024894827294165124, 0.017989334123638585, 0.01597455575907357, -0.020310596152768954, 0.02338013491010039, 0.007340575379219172, -0.02002384678250485, 0.008759020823136274, 0.013349259751548059, -0.005493616633010383, -0.025921301473481, -0.00464419995642806, 0.015321146071348369, -0.00044114999726495817]",0.041371689386,0.113002391928,1532092416.06,0
1532092416865656727,"[0.9979140320762883, -0.06455683221197293, -0.0, -0.0, 0.0, 0.0, -3.2233500166191126e-05, -2.0852424106151084e-06]","[1.0, 0.0, 0.0, 0.0, 0.0, 0.36965, 0.0, 0.0996815]","[1.0, 0.0, 0.0, 0.0, 1.6446686476672854e-05, -0.00029717300985715456, -0.0016461395569795092, 0.0012124130667417188]","[0.9998167491679033, 0.0014567439657682479, 0.01874076950183982, 0.003335275186275708, -0.0007990346515679324, 0.3646870974891912, -0.0023681198006037536, 0.09354936820834966]","[-1.1205729655502947, -0.786548648988246, 0.4291311254109445, 1.3817331946877864, -0.3508981052287884, 1.0726360659288756, 0.19941750242510378]","[1.0227816903225997, -0.8732185635037718, -0.3267379078195931, 1.4975487441731352, 0.26422819071326253, 1.0860583978228728, -0.08743690490946858]","[-0.026443679300466212, 0.019565270789811757, 0.016900157822916394, -0.02045787582324484, 0.02495577527386936, 0.007540617137386506, -0.020918015382291252, 0.012200770132831995, 0.01592674916585239, -0.007918522280178992, -0.02666992538880382, -0.007356246241758517, 0.014694310220719922, 0.002999286880527875]",0.0412244739822,0.129268187167,1532092416.87,0
1532092417665775527,"[0.9973586631657825, -0.07263399347525402, -0.0, -0.0, 0.0, 0.0, -3.625299573151735e-05, -2.6401734427845932e-06]","[1.0, 0.0, 0.0, 0.0, 0.0, 0.36965, 0.0, 0.0996815]","[1.0, 0.0, 0.0, 0.0, 9.654044133309203e-06, -0.0005542812768418726, -0.0003777488680242752, 0.001225472295427757]","[0.9998163452242907, 0.004318290922202867, 0.018524779709279838, 0.0018592511882173132, -0.0017149693352492433, 0.3654659270132114, -0.0020511005936001583, 0.09383474686350511]","[-1.1178884991714952, -0.7850146682003605, 0.4275971446230591, 1.376747757127159, -0.35128160042575973, 1.0757040275046463, 0.19903400722813244]","[1.0151117863831725, -0.8705340971249723, -0.3240534414407937, 1.494097287400393, 0.2692136282738901, 1.0868253882168157, -0.09203884727312482]","[-0.028545980863905352, 0.016246455154831876, 0.017439692974664123, -0.0158414406200711, 0.02683070180102769, 0.005640600298683359, -0.023987547697088604, 0.010577458051152663, 0.013129315604376423, -0.008546969309719704, -0.02410548792288308, -0.008329311435085852, 0.0138301826247462, 0.0026479120276925033]",0.0404596108562,0.145422721485,1532092417.67,0
1532092418475504970,"[0.9967455399251229, -0.08061221147800805, -0.0, -0.0, 0.0, 0.0, -4.021857051123098e-05, -3.2526936730894048e-06]","[1.0, 0.0, 0.0, 0.0, 0.0, 0.36965, 0.0, 0.0996815]","[1.0, 0.0, 0.0, 0.0, 2.440177962423481e-06, -4.4012220524414225e-05, -8.029618975748858e-05, 0.0003498431677297631]","[0.9997935257229364, 0.007100964089900742, 0.01879904464500504, 0.002660085263618028, -0.002817663608714352, 0.3659152243878734, -0.001603301156946042, 0.09355771364292287]","[-1.1155875279896672, -0.7800292306397328, 0.4275971446230591, 1.3717623195665312, -0.3516650956227311, 1.0760875227016178, 0.19865051203116108]","[1.0120438248074017, -0.8666991451552588, -0.32175247025896553, 1.4902623354306794, 0.27458256103148904, 1.0879758738077296, -0.09702428483375242]","[-0.03100647434779023, 0.01614159514419122, 0.0189176423351965, -0.015090190217463915, 0.029176325294970364, 0.005216059959915987, -0.026782683520849768, 0.010330623617568048, 0.010728533685643731, -0.008812651149946574, -0.02205791689626076, -0.008996846147077334, 0.013928637734728515, 0.002999555907565808]",0.0423235297051,0.161401171403,1532092418.48,0
1532092419285373932,"[0.9960601975677713, -0.08867966407949722, -0.0, -0.0, 0.0, 0.0, -4.4223234065113774e-05, -3.937213384270821e-06]","[1.0, 0.0, 0.0, 0.0, 0.0, 0.36965, 0.0, 0.0996815]","[1.0, 0.0, 0.0, 0.0, 2.008878337662976e-06, -0.0005511151069045317, -0.0007815165291508571, 0.0001227229950593739]","[0.9997522979601988, 0.010050838574853622, 0.019560424916170244, 0.0031167282554288938, -0.003927939031261782, 0.36581697900632604, -0.0020854616778506895, 0.09336431075620928]","[-1.1159710231866384, -0.7754272882760767, 0.42567966863820234, 1.3667768820059036, -0.3524320860166738, 1.07953897947436, 0.19941750242510378]","[1.0051409112619174, -0.8617137075946312, -0.3163835375013666, 1.4864273834609658, 0.2784175130012026, 1.088359369004701, -0.10200972239438001]","[-0.03390182234513807, 0.018306853853202177, 0.020712355469527793, -0.01607498656875961, 0.0317695749064648, 0.005483872243662655, -0.029278940413411052, 0.012195420709120306, 0.012734069910296051, -0.01003383993243018, -0.02485605266574769, -0.010180318898242178, 0.01546707957666837, 0.0039271256309330906]",0.0462040149452,0.177602374052,1532092419.29,0
1532092420095815194,"[0.9953092984327006, -0.09674399440484899, -0.0, -0.0, 0.0, 0.0, -4.822051822318743e-05, -4.6870310088823085e-06]","[1.0, 0.0, 0.0, 0.0, 0.0, 0.36965, 0.0, 0.0996815]","[1.0, 0.0, 0.0, 0.0, 6.975800582252178e-06, 0.0007973056398470346, 0.0019210038330430182, 0.0009610311233354124]","[0.9996903192635906, 0.012847132407474109, 0.021111457387359776, 0.002554448994020061, -0.004919444369443191, 0.36637052688628, -0.001351916828869018, 0.09381717085285463]","[-1.1075341288532687, -0.7735098122912198, 0.42299520225940285, 1.3625584348392188, -0.35473305719850196, 1.0810729602622453, 0.19903400722813244]","[0.9978545025194616, -0.8571117652309749, -0.3136990711225671, 1.4848934026730805, 0.2834029505618302, 1.0891263593986438, -0.10852914074289302]","[-0.03848021236531193, 0.013973485893032097, 0.020894468129905114, -0.010002624517094466, 0.03485486314704605, 0.002578487143153638, -0.033581777588934165, 0.006500775513377594, 0.009639990345568538, -0.010773694191406839, -0.022517045540046642, -0.009954326779318866, 0.013928769717911883, 0.0012641495051282647]",0.051071754711,0.193847515718,1532092420.1,0
1532092420907643532,"[0.9944925852376532, -0.1048069554339267, -0.0, -0.0, 0.0, 0.0, -5.22107540274977e-05, -5.502353915714724e-06]","[1.0, 0.0, 0.0, 0.0, 0.0, 0.36965, 0.0, 0.0996815]","[1.0, 0.0, 0.0, 0.0, -1.635438253070297e-05, -0.0007502784188804235, 0.0008322195306365936, -4.5846874525162784e-05]","[0.9996382874869377, 0.017764673956338024, 0.020047146029457646, 0.001955999386062443, -0.006671440086324917, 0.3665979990960617, -0.0013634464611660558, 0.09400116768831046]","[-1.109068109641154, -0.7712088411093918, 0.4222282118654601, 1.3594904732634479, -0.3574175235773014, 1.0860583978228728, 0.20133497840996056]","[0.9905680937770059, -0.8548107940491468, -0.3094806239558822, 1.4806749555063956, 0.2918398448952, 1.0898933497925865, -0.11504855909140603]","[-0.008634714060802495, -0.022365525570395298, 0.005741516330616229, 0.009631193540818376, 0.013103311250652195, 0.0024254484066829987, -0.011003876166031212, 0.02569897295922706, -0.018791494440596326, -0.0174948270708276, 0.010303809289742992, -0.02808815140918805, -0.003909119809296292, 0.030378533762389477]",0.0548057449264,0.21001242216,1532092420.91,0
1532092421715713677,"[0.9936089886826094, -0.11287682494259885, -0.0, -0.0, 0.0, 0.0, -5.619748461156654e-05, -6.3841950958240295e-06]","[1.0, 0.0, 0.0, 0.0, 0.0, 0.36965, 0.0, 0.0996815]","[1.0, 0.0, 0.0, 0.0, -4.319561152150205e-05, -0.001513774601847151, 0.002844148809554351, -0.00011630069066904947]","[0.9996104750094297, 0.019154773671365297, 0.020225794290428208, -0.0009556667577305065, -0.006921116474722201, 0.3668514893838348, -0.0009070704838320988, 0.09437442656293678]","[-1.1052331576714407, -0.7715923363063631, 0.4195437454866607, 1.3602574636573905, -0.3601019899561009, 1.084907912231959, 0.20632041597058814]","[0.9828981898375788, -0.8551942892461182, -0.3071796527740541, 1.481058450703367, 0.292990330486114, 1.090276844989558, -0.11581554948534874]","[-0.008534191869732855, -0.022549757472279247, 0.007000727918888913, 0.009635506836691399, 0.014004368099540164, 0.0025045080292760485, -0.01207666003203989, 0.02728175605564466, -0.019151706305812415, -0.018899284107030737, 0.011843208820307722, -0.030907658466098317, -0.004677602219447368, 0.03100320354771635]",0.056840102686,0.226330861972,1532092421.72,0
1532092422515707369,"[0.9926643835874541, -0.12090252915857341, -0.0, -0.0, 0.0, 0.0, -6.0154980638039935e-05, -7.326634682247868e-06]","[1.0, 0.0, 0.0, 0.0, 0.0, 0.36965, 0.0, 0.0996815]","[1.0, 0.0, 0.0, 0.0, -4.038009451240096e-05, -0.001209250664335415, 0.002096788516014603, 0.0004379640948700969]","[0.9995786945583913, 0.02194863945388428, 0.018930680560732088, -0.0005660227454700359, -0.008005005187436411, 0.36719469496945367, -0.00017876876877234282, 0.09612179025177646]","[-1.0987137393229276, -0.7788787450488188, 0.4153252983199758, 1.3640924156271041, -0.36662140830461387, 1.0845244170349875, 0.21130585353121575]","[0.9825146946406075, -0.8601797268067457, -0.3052621767891973, 1.4818254410973097, 0.2964417872588562, 1.0921943209744145, -0.11734953027323415]","[-0.009951953840984967, -0.0210808897211325, 0.007466710812776863, 0.009442546558687672, 0.01488472482123444, 0.002234878025042584, -0.01327103391816028, 0.030295124876271548, -0.016699086882078044, -0.021831890988929605, 0.012424931302013855, -0.03479550336763666, -0.00635489395390362, 0.03418147772030916]",0.0592390202012,0.242450411931,1532092422.52,0
1532092423327539790,"[0.9916655419565669, -0.12883886407442613, -0.0, -0.0, 0.0, 0.0, -6.406060019427143e-05, -8.322861500936755e-06]","[1.0, 0.0, 0.0, 0.0, 0.0, 0.36965, 0.0, 0.0996815]","[0.9994509176298847, -0.031897131363358866, 0.007934782662478842, -0.0036824054480699632, -8.526442918209941e-05, -0.0016376693828886735, 0.003730123162457693, -0.0009186766641636757]","[0.9997581243739724, 0.006848048848400457, 0.020796883453558925, -0.0015114108186859406, -0.0023481012289113877, 0.36692414393355544, -0.0008474579351474148, 0.09762845093174692]","[-1.0910438353835006, -0.7788787450488188, 0.41225733674420495, 1.3675438723998463, -0.37314082665312687, 1.0845244170349875, 0.21974274786458553]","[0.9809807138527221, -0.8655486595643447, -0.30602916718314005, 1.4841264122791378, 0.29759227284977025, 1.0914273305804718, -0.12156797743991904]","[-0.036037253956064816, 0.0065768323700836195, 0.01556599422982406, 0.00311090683029726, 0.03208221801904991, -0.003220248168732164, -0.03028158824402917, 0.004368140024744324, 0.009113934304101548, -0.01474564507879554, -0.021261132341958783, -0.014116326929770877, 0.0076917864704097, 0.0026527521744852314]",0.0463951039702,0.195594389528,1532092423.33,0
1532092424135883397,"[0.9905867147004485, -0.13688667085940967, -0.0, -0.0, 0.0, 0.0, -6.801260034877269e-05, -9.398489097494458e-06]","[1.0, 0.0, 0.0, 0.0, 0.0, 0.36965, 0.0, 0.0996815]","[0.999280782625702, -0.03709922597160897, 0.0051187015147747756, -0.005607939084632672, -3.0343529636465277e-05, -0.0004771494535988352, 0.0022440604830265376, -0.00020206261707264583]","[0.999777191790603, 0.007476907749213624, 0.019538485686262545, -0.002430230449855057, -0.002486294507150132, 0.36722850537696033, -0.0011116934071781553, 0.09804515104884408]","[-1.0906603401865291, -0.7792622402457902, 0.4084223847744914, 1.3617914444452761, -0.3746748074410123, 1.0845244170349875, 0.22012624306155687]","[0.97752925707998, -0.8666991451552588, -0.3037281960013119, 1.48757786905188, 0.3029612056073692, 1.090276844989558, -0.126936910197518]","[-0.036309361097655826, 0.005463247915937332, 0.01529853087067977, 0.003649361129884965, 0.03221811055532862, -0.0034560419357150722, -0.03061364007068943, 0.005625251766548163, 0.008064456483441843, -0.015210149378628045, -0.018728090705895276, -0.015311070092707714, 0.006995479216460338, 0.004215004326922022]",0.0445307081687,0.201085179245,1532092424.14,0
1532092424936687116,"[0.9894479627813005, -0.14488867777688558, -0.0, -0.0, 0.0, 0.0, -7.193309553117239e-05, -1.0533440354572363e-05]","[1.0, 0.0, 0.0, 0.0, 0.0, 0.36965, 0.0, 0.0996815]","[0.9990303748248645, -0.04348357918815163, 0.005516070128017883, -0.0036260159687568215, -4.7379855749544314e-05, -0.0006355281409920477, 0.003035366367460633, -0.0008151048097411462]","[0.9997828065258794, 0.00849408240202502, 0.018664569300168552, -0.0034379373862516455, -0.002755315065287444, 0.36805990033158975, -0.0018002423352855299, 0.09831876141500298]","[-1.0895098545956152, -0.7765777738669907, 0.40650490878963463, 1.3571895020816198, -0.3788932546076972, 1.0852914074289302, 0.22050973825852824]","[0.9687088675496388, -0.865932154761316, -0.3021942152134265, 1.4871943738549087, 0.31139809994073897, 1.0895098545956152, -0.1349903093339164]","[-0.035378993002958124, 0.004739160802562724, 0.014956467587294797, 0.00576699338308118, 0.03166910015396572, -0.00398852729223227, -0.03015912312720652, 0.006228275209525326, 0.007904307081372623, -0.016397135485962624, -0.01772909929980713, -0.016321154707674458, 0.006463537578973321, 0.006023925772848394]",0.0436695992383,0.204373169051,1532092424.94,0
1532092425746937933,"[0.9882559518532714, -0.15280763602184463, -0.0, -0.0, 0.0, 0.0, -7.580350756025639e-05, -1.172100686135469e-05]","[1.0, 0.0, 0.0, 0.0, 0.0, 0.36965, 0.0, 0.0996815]","[0.9987715237543776, -0.04917570545484884, 0.004871021659934202, -0.0030910392583528797, -5.1847586585860445e-05, -0.0007449157460272526, 0.0028274335077608207, -0.0004463372246134023]","[0.999772506139127, 0.008847781145986583, 0.018894708082561343, -0.004199832523732415, -0.0027970478952508426, 0.36817971373245717, -0.002516145990166049, 0.09848490366155477]","[-1.0887428642016723, -0.7754272882760767, 0.40305345201689247, 1.3556555212937345, -0.38234471138043935, 1.0852914074289302, 0.22089323345549958]","[0.9610389636102117, -0.8632476883825165, -0.298359263243713, 1.4871943738549087, 0.3163835375013666, 1.0887428642016723, -0.14035924209151535]","[-0.035945757459695554, 0.005940097890124398, 0.015339783383769021, 0.005440234947971847, 0.03217178237709655, -0.003938915404858905, -0.03045283753100101, 0.00737637851591778, 0.010145832284209857, -0.017442002797657646, -0.01949658177131822, -0.017106187719335045, 0.006959941815896101, 0.0069144091923481026]",0.0446975247769,0.208867744239,1532092425.75,0
1532092426557261485,"[0.9869853727462954, -0.16081005560864772, -0.0, -0.0, 0.0, 0.0, -7.970466277289907e-05, -1.2986323411373497e-05]","[1.0, 0.0, 0.0, 0.0, 0.0, 0.36965, 0.0, 0.0996815]","[0.9985275527472749, -0.05392605589993603, 0.004976998477573096, -0.0024549280491309206, -6.039142674297421e-05, -0.0007496135619132205, 0.003771073967193366, -0.0004522215290385795]","[0.9997630481613992, 0.009471764923102241, 0.018814933127910452, -0.005303532412857159, -0.0029135063972175828, 0.3686505683240426, -0.002931288935579288, 0.09876501911124634]","[-1.0860583978228728, -0.7727428218972772, 0.39998549044112164, 1.349903093339164, -0.38426218736529616, 1.0879758738077296, 0.22204371904641365]","[0.9529855644738133, -0.8617137075946312, -0.2956747968649135, 1.4868108786579373, 0.3213689750619942, 1.088359369004701, -0.14611167004608566]","[-0.03587433192252722, 0.004916163329305221, 0.015195767960228349, 0.007318875299682984, 0.03231877613369659, -0.004501586396821088, -0.030523120014083978, 0.007561499934514049, 0.01009069294247191, -0.018619050566698266, -0.018852005082785304, -0.01829495186751652, 0.006328880656742272, 0.00793550004047772]",0.0455387565641,0.215582585859,1532092426.56,0
1532092427368050636,"[0.9856505391135295, -0.1687987403543301, -0.0, -0.0, 0.0, 0.0, -8.358848507099746e-05, -1.4315044154291198e-05]","[1.0, 0.0, 0.0, 0.0, 0.0, 0.36965, 0.0, 0.0996815]","[0.998138844327787, -0.06081336452568938, 0.0034140567776891804, -0.0022398779919909862, -6.0950347515055514e-05, -0.0008171351658206039, 0.0031883993854942057, -0.00011553941477843166]","[0.9997552434925815, 0.009546890458768567, 0.01858426402088983, -0.0071365397394134375, -0.002748655535856464, 0.3688722230503825, -0.0035733021487606435, 0.09909462533410526]","[-1.0856749026259016, -0.7712088411093918, 0.3961505384714081, 1.3468351317633933, -0.3896311201228951, 1.0875923786107584, 0.2247281854252131]","[0.9456991557313575, -0.8605632220037172, -0.292990330486114, 1.4883448594458226, 0.32750489821353584, 1.0879758738077296, -0.15109710760671324]","[-0.036107893885788736, 0.004039362532302028, 0.014916720875156471, 0.008900031243275269, 0.03228935068715669, -0.005413178320652388, -0.03108918953830038, 0.008079732316686405, 0.010688182375768969, -0.01927101803170956, -0.019095783363312642, -0.018844031836057495, 0.006476678106394853, 0.008697261952594569]",0.0462933807871,0.217811802788,1532092427.37,0
1532092428165684428,"[0.9842488584604762, -0.17678853079102635, -0.0, -0.0, 0.0, 0.0, -8.746164574986734e-05, -1.570966094577916e-05]","[1.0, 0.0, 0.0, 0.0, 0.0, 0.36965, 0.0, 0.0996815]","[0.9977687705829568, -0.06648211317415097, 0.0057444004747099885, -0.0008368689277029324, -0.00012093554866341241, -0.0014435042018980937, 0.004189078954260574, -0.0007584901738013905]","[0.9997276959173126, 0.010735672886004216, 0.019000820486751852, -0.00813891795596205, -0.0030811836395061368, 0.36888195875723623, -0.003683743045823671, 0.09950429359217389]","[-1.0829904362471021, -0.7696748603215063, 0.39346607209260864, 1.3456846461724792, -0.3911651009107805, 1.090276844989558, 0.22626216621309853]","[0.9384127469889019, -0.8601797268067457, -0.29107285450125725, 1.4906458306276509, 0.33555829734993425, 1.0856749026259016, -0.15838351634916897]","[-0.03696206276819655, 0.0032218114751786427, 0.015039039192384756, 0.010819187153113509, 0.032839769664351606, -0.005928148431857542, -0.03230192782032581, 0.00707530356741431, 0.010128685040567085, -0.01988015431938627, -0.01918020128342003, -0.019222181918469725, 0.0057489040768054535, 0.008696584727638585]",0.0489326731691,0.222905392809,1532092428.17,0
1532092428975817980,"[0.9828074626297884, -0.18463339730178074, -0.0, -0.0, 0.0, 0.0, -9.125309966580728e-05, -1.7143103248863474e-05]","[1.0, 0.0, 0.0, 0.0, 0.0, 0.36965, 0.0, 0.0996815]","[0.9974391202174417, -0.07146040418582199, 0.0018528685420157501, -0.0011276021926522064, -2.923685711399282e-06, 7.124093441229773e-05, 0.004948340846595971, 0.0010300801346137534]","[0.9997556490256274, 0.010602520693449507, 0.017023678380409746, -0.009187846130739061, -0.002926995171032841, 0.3698547681677424, -0.0047019929426308175, 0.09959544898080981]","[-1.080689465065274, -0.769291365124535, 0.3896311201228951, 1.3364807614451668, -0.3942330624865513, 1.0906603401865291, 0.22702915660704123]","[0.9299758526555321, -0.8590292412158317, -0.28877188331942916, 1.4925633066125075, 0.3393932493196478, 1.0837574266410448, -0.16605342028859604]","[-0.034683692689399866, 0.002816636838438858, 0.014674988618030288, 0.010176115419895068, 0.0318096603587048, -0.004879784636668905, -0.0298128682645863, 0.009631421701754336, 0.011181172515043494, -0.021574261182770373, -0.01678568473447185, -0.0215282537671019, 0.005094816526074141, 0.011563198637908275]",0.0460252726586,0.228662348399,1532092428.98,0
1532092429787978743,"[0.9812794992911441, -0.19258905542870666, -0.0, -0.0, 0.0, 0.0, -9.508594193085699e-05, -1.866187131621641e-05]","[1.0, 0.0, 0.0, 0.0, 0.0, 0.36965, 0.0, 0.0996815]","[0.9970053782603803, -0.07720356205427771, 0.003666409170423487, -0.0015923904184936375, -8.889737164315473e-05, -0.0009184270679734596, 0.004744422322023625, -0.00020743844805327927]","[0.9997152926623887, 0.010995254970011465, 0.01812858839101026, -0.010852869924878288, -0.002889571807505631, 0.36938169404011956, -0.005035312301143674, 0.09964310688097283]","[-1.07953897947436, -0.7650729179578502, 0.3854126729562102, 1.336864256642138, -0.3980680144562649, 1.090276844989558, 0.23086410857675477]","[0.9230729391100477, -0.858262250821889, -0.28570392174365833, 1.4944807825973643, 0.34476218207724674, 1.0826069410501307, -0.17103885784922362]","[-0.03720133794698824, 0.0030632245557446645, 0.015313243715001477, 0.011502775242890475, 0.03353945356666925, -0.00583000972095658, -0.03227142233415896, 0.008253352090048807, 0.011235267750522117, -0.0214013923001328, -0.019316337170039277, -0.020828680037387033, 0.0062563407109382, 0.009964067066977044]",0.0497236123309,0.233416280203,1532092429.79,0
1532092430595647322,"[0.9796827624572702, -0.20055344660237567, -0.0, -0.0, 0.0, 0.0, -9.891014935788474e-05, -2.024815799343488e-05]","[1.0, 0.0, 0.0, 0.0, 0.0, 0.36965, 0.0, 0.0996815]","[0.9963870551521972, -0.08483791770370297, 0.0033116673799785, 0.0006994363232744052, -8.461464860382364e-05, -0.0007979900248704097, 0.005149424608141721, -0.0006348726810133515]","[0.9997014408681607, 0.011408762599804789, 0.017572130469720015, -0.012493190985636542, -0.0028730505657624424, 0.37001546432300464, -0.005563649149456906, 0.10017141602461885]","[-1.077238008292532, -0.7620049563820793, 0.381961216183468, 1.331495323884539, -0.40382044241083515, 1.0914273305804718, 0.23278158456161155]","[0.9146360447766779, -0.8590292412158317, -0.2834029505618302, 1.4967817537791925, 0.3524320860166738, 1.0822234458531594, -0.17679128580379394]","[-0.036284742912485506, 0.0016082324774754511, 0.014535052426941253, 0.014025073523916435, 0.03261362654438722, -0.0069701527773084575, -0.032152660456709226, 0.008496482405922622, 0.01075639176467734, -0.022470304654109624, -0.017851307783963398, -0.02168871276452312, 0.005396537973374473, 0.011746569498276429]",0.0509130740632,0.234339690389,1532092430.6,0
1532092431395715253,"[0.9780312064663764, -0.2084585310749457, -0.0, -0.0, 0.0, 0.0, -0.00010269259229329053, -2.18879998922341e-05]","[1.0, 0.0, 0.0, 0.0, 0.0, 0.36965, 0.0, 0.0996815]","[0.995896237259098, -0.09040896269345829, 0.0032582226138186824, 0.0015428491511406636, -6.422321738277365e-05, -0.0004787215134022249, 0.00628344650770752, 0.00013356949789158912]","[0.9996834850992001, 0.011881277568283841, 0.017798818816925858, -0.01315130067803423, -0.002971830875480583, 0.37007718623767966, -0.00595886065398255, 0.10037325401007419]","[-1.0737865515197895, -0.7608544707911652, 0.3788932546076972, 1.3284273623087683, -0.40650490878963463, 1.0937283017623, 0.2346990605464683]","[0.9069661408372509, -0.8567282700340035, -0.2807184841830307, 1.499466220157992, 0.35856800916821546, 1.07953897947436, -0.184461189743221]","[-0.006528644368860963, -0.011926158987325877, 0.015192881677255814, 0.005999335566879774, 0.01962184215707224, -0.00019805344591116488, -0.014637317947676354, 0.02846070035650606, -0.020671663684300554, -0.017010098257236487, 0.029059974110311353, -0.03239666299865088, -0.015872479473332715, 0.03310848117352415]",0.0524612786608,0.239415773926,1532092431.4,0
1532092432205621484,"[0.9763320860215178, -0.21627680829176232, -0.0, -0.0, 0.0, 0.0, -0.00010641990501005534, -2.3574107338903982e-05]","[1.0, 0.0, 0.0, 0.0, 0.0, 0.36965, 0.0, 0.0996815]","[0.9953501077911789, -0.09610546193134693, 0.003779836556518913, 0.004868710758969425, -7.738390594418804e-05, -0.0004837174115350784, 0.007717667800361733, 0.0002802941122903996]","[0.9996806713609689, 0.010752988126732808, 0.018877417646616722, -0.012828103217270724, -0.002574271939630499, 0.3698346450030003, -0.0058335040270767295, 0.10081429280160144]","[-1.0668836379743052, -0.7608544707911652, 0.3762087882288977, 1.3326458094754532, -0.413407822335119, 1.0933448065653286, 0.24006799330406725]","[0.9038981792614801, -0.8567282700340035, -0.2791845033951453, 1.5021506865367915, 0.36125247554701495, 1.0791554842773885, -0.18561167533413506]","[-0.007261600598193786, -0.0116853289770832, 0.01615383892320641, 0.006135203902028973, 0.020677642277412464, -0.0006645982083911418, -0.01609462110511945, 0.027898901783004068, -0.02050164077576888, -0.017409664369348828, 0.028741053807354137, -0.03238483465553049, -0.016095029369782902, 0.0334977373118799]",0.0532036211004,0.244335527619,1532092432.21,0
1532092433018839052,"[0.9745486537920257, -0.22417609460455498, -0.0, -0.0, 0.0, 0.0, -0.00011017152238615247, -2.534283078537464e-05]","[1.0, 0.0, 0.0, 0.0, 0.0, 0.36965, 0.0, 0.0996815]","[0.9945685864936169, -0.1039785053270459, 0.0017204673948834361, 0.003862304031482111, -2.705165185600683e-05, -7.485234697252041e-05, 0.00754766151259194, 0.0015887362569735608]","[0.9997626569581948, 0.010003866562108742, 0.015615608436786705, -0.011344239109951599, -0.0024570262459897734, 0.370250216592258, -0.005637114387596211, 0.10220726936794527]","[-1.0607477148227635, -0.7731263170942485, 0.3727573314561555, 1.3414661990057943, -0.41877675509271794, 1.0887428642016723, 0.2469709068495516]","[0.9012137128826806, -0.8613302123976598, -0.27458256103148904, 1.5029176769307342, 0.3643204371227858, 1.0791554842773885, -0.19059711289476267]","[-0.03371731640158249, 0.004335351310238954, 0.01587704220221495, 0.010956868656588492, 0.03260920536435258, -0.00565746240431182, -0.030533021836822473, 0.01166701518198742, 0.013945806719388186, -0.02456262153039209, -0.015793410512749052, -0.024850186173263688, 0.0028790439537713986, 0.015298695908390662]",0.0466871316909,0.244541012869,1532092433.02,0
1532092433826202266,"[0.9726947977450897, -0.23208797995510028, -0.0, -0.0, 0.0, 0.0, -0.00011391410095453974, -2.7180255965416415e-05]","[1.0, 0.0, 0.0, 0.0, 0.0, 0.36965, 0.0, 0.0996815]","[0.9939051266235125, -0.11018658151589601, 0.002076183434879761, 0.0018129136704057164, -7.518231590101371e-05, -0.00054892504771481, 0.006666173533572663, 0.0002204824373567421]","[0.9997246493038734, 0.010576468228162892, 0.01587583012145842, -0.013590668446610435, -0.0024324719507241538, 0.3701237156410038, -0.005679850376882081, 0.10246936836557347]","[-1.0595972292318496, -0.7677573843366495, 0.3681553890924993, 1.336864256642138, -0.4226117070624315, 1.0891263593986438, 0.2519563444101792]","[0.896228275322053, -0.8617137075946312, -0.2730485802436036, 1.5044516577186196, 0.3712233506682701, 1.0799224746713312, -0.19596604565236161]","[-0.03585914586300183, 0.002416018509785999, 0.015553161283023234, 0.014318431708366417, 0.03370839477028456, -0.007581235193156349, -0.03287672857335783, 0.010017424997140442, 0.012145470515037147, -0.02439505947871525, -0.015981565658867568, -0.024493223502481974, 0.0033868321245070993, 0.013989640032007325]",0.0500928273581,0.24809259282,1532092433.83,0
1532092434626905494,"[0.970787877167979, -0.2399393622223937, -0.0, -0.0, 0.0, 0.0, -0.00011761259589120214, -2.906906020476827e-05]","[1.0, 0.0, 0.0, 0.0, 0.0, 0.36965, 0.0, 0.0996815]","[0.9931960944182704, -0.11621185801551208, 0.006521320155873839, 0.0031427469387806774, -0.00022542887858219285, -0.0015660265485042402, 0.0072945882810967625, -0.0018029191732751998]","[0.999706931564706, 0.010855549205196859, 0.016023478481166642, -0.014472046245423514, -0.0024368810886915295, 0.3702492093971338, -0.006527950348554193, 0.10216185728155866]","[-1.0572962580500214, -0.7612379659881365, 0.36355344672884304, 1.3357137710512241, -0.42721364942608775, 1.0887428642016723, 0.25349032519806464]","[0.8874078857917118, -0.8617137075946312, -0.2699806186678328, 1.505985638506505, 0.37735927381981177, 1.0760875227016178, -0.20325245439481732]","[-0.03611940409990355, 0.00445240450850089, 0.016117253063161516, 0.013884083589760753, 0.03413861541050439, -0.006652001008424186, -0.032788798632836895, 0.010455621981696691, 0.01302638009811544, -0.025030747178806198, -0.01809865557704207, -0.02466603448237093, 0.004189262548425598, 0.014564143683840666]",0.051306667635,0.252576875168,1532092434.63,0
1532092435436718391,"[0.9688348935304185, -0.24770738599787998, -0.0, -0.0, 0.0, 0.0, -0.00012125606899177421, -3.1002211095928016e-05]","[1.0, 0.0, 0.0, 0.0, 0.0, 0.36965, 0.0, 0.0996815]","[0.9923691168575296, -0.1231888141218309, 0.0025031798145413566, 0.00422711890055843, -7.232679303140199e-05, -0.0004286872841525735, 0.007519223692089199, 3.393057970380031e-05]","[0.9996965210777841, 0.010486374323244164, 0.015413739208589279, -0.01604058957267206, -0.002131939251255294, 0.37069839514439, -0.007283682322768408, 0.10247261128613475]","[-1.0549952868681933, -0.7604709755941939, 0.3593349995621582, 1.3295778478996825, -0.432966077380658, 1.0891263593986438, 0.25579129637989273]","[0.8805049722462275, -0.859412736412803, -0.2688301330769188, 1.509437095279247, 0.38387869216832476, 1.075320532307675, -0.20977187274333034]","[-0.03547760956621625, 0.0036686447200620226, 0.01582992899350926, 0.014169094482629273, 0.03362980661049503, -0.006824596026594569, -0.03242116614237534, 0.011206906159287306, 0.01429777044308898, -0.02601492780051379, -0.017219034464937312, -0.025537587579657267, 0.003969202360812715, 0.015908171811838637]",0.0521467366441,0.254300806948,1532092435.44,0
1532092436248001388,"[0.9667978371790116, -0.25554244662283687, -0.0, -0.0, 0.0, 0.0, -0.00012491450410815697, -3.301720046418182e-05]","[1.0, 0.0, 0.0, 0.0, 0.0, 0.36965, 0.0, 0.0996815]","[0.9913354423432076, -0.13126224879166562, 0.0021136278997505855, 0.003984557508067513, -0.00011245917165707275, -0.0007278297283931923, 0.007406508405435084, 7.3682708287226e-05]","[0.9996594316315287, 0.010889229520059187, 0.015216513291383947, -0.018135147149597748, -0.0020575865091213294, 0.37064884340992854, -0.0075062045461837, 0.1028376715317754]","[-1.0523108204893938, -0.7589369948063085, 0.3539660668045592, 1.3276603719148257, -0.43756801974431425, 1.0891263593986438, 0.2607767339405203]","[0.8716845827158863, -0.8590292412158317, -0.26422819071326253, 1.5132720472489607, 0.3911651009107805, 1.0730195611258468, -0.21629129109184334]","[-0.006215752943483022, -0.006228710384253765, 0.01880491763758345, 0.002896156639023712, 0.02190576091791384, -0.0003091123042005678, -0.016500243888014167, 0.031866422028394015, -0.017737304952956397, -0.01852405972171932, 0.030913803625168663, -0.03499585867628463, -0.016450366865697664, 0.035765845869285974]",0.0551095791245,0.254173313745,1532092436.25,0
1532092437056710585,"[0.9646926016321501, -0.2633784052578984, -0.0, -0.0, 0.0, 0.0, -0.00012855618590777455, -3.509814750640995e-05]","[1.0, 0.0, 0.0, 0.0, 0.0, 0.36965, 0.0, 0.0996815]","[0.9905696801497917, -0.1367845763030721, 0.002371651271855377, 0.007220964872572525, -3.952238004632097e-05, -0.00011379698317054432, 0.009493683705870042, 0.00014794313736815612]","[0.999688463553955, 0.009955393731780782, 0.015388927494750954, -0.016882723212271272, -0.001837674241981579, 0.37082122976637416, -0.00736119120627316, 0.1031402782185949]","[-1.0434904309590527, -0.758553499609337, 0.35128160042575973, 1.3299613430966537, -0.4440874380928273, 1.088359369004701, 0.26576217150114795]","[0.8682331259431442, -0.8590292412158317, -0.2623107147284057, 1.514806028036846, 0.39384956728958, 1.0726360659288756, -0.21935925266761416]","[-0.03533798711359862, 0.0038406243702047856, 0.016375019437941445, 0.014526166286754828, 0.034003172256934104, -0.007043659650053456, -0.03312371862069569, 0.01056101334882318, 0.014501240605892642, -0.026864528516703012, -0.01648807434444698, -0.02607878652454887, 0.003353006058579815, 0.01648435338471666]",0.0531958766556,0.259798672592,1532092437.06,0
1532092437867612745,"[0.962531404107325, -0.2711702345523591, -0.0, -0.0, 0.0, 0.0, -0.00013215970647330094, -3.723284087127815e-05]","[1.0, 0.0, 0.0, 0.0, 0.0, 0.36965, 0.0, 0.0996815]","[0.9896010757363642, -0.1437557012533449, 0.0011790924834749333, 0.004323977141238166, -7.984495812933534e-05, -0.0005012069715399914, 0.007879900490283327, -0.0005383549848403807]","[0.9996820102090843, 0.010843692410531432, 0.01375220730447097, -0.018087227247615335, -0.0020532810795189675, 0.3709302311870508, -0.0072653467623677815, 0.10337187647679655]","[-1.04272344056511, -0.7593204900032798, 0.3466796580621035, 1.3311118286875678, -0.44753889486556947, 1.0837574266410448, 0.27113110425874687]","[0.8632476883825165, -0.859412736412803, -0.2577087723647495, 1.5151895232338175, 0.4007524808350643, 1.0722525707319042, -0.22549517581915582]","[-0.007043216452935822, -0.004368521534997726, 0.019685901730604555, 0.0024341037799384306, 0.022965130684545976, -0.0005038639729223436, -0.017478718583658473, 0.03248355709039877, -0.016406090238961096, -0.019579363682512306, 0.03012571370933745, -0.03588385306772733, -0.015190001246509752, 0.036196401529187745]",0.0534403394987,0.261383430879,1532092437.87,0
1532092438676194887,"[0.960300618877736, -0.27896724069868356, -0.0, -0.0, 0.0, 0.0, -0.00013574736891433295, -3.9434598076583296e-05]","[1.0, 0.0, 0.0, 0.0, 0.0, 0.36965, 0.0, 0.0996815]","[0.9885720616428221, -0.15056132080169365, 0.0018577654945559473, 0.007013616406472217, -3.226472323879931e-05, -0.00010995814642933421, 0.009461036679381838, -0.0003187837978270297]","[0.9997053919370418, 0.009378130446628222, 0.014122714836860065, -0.01731200867753635, -0.0015769539617768715, 0.37084280980637, -0.007582372852301001, 0.10364130534911592]","[-1.0342865462317403, -0.758553499609337, 0.3416942205014759, 1.3341797902633385, -0.45520879880499654, 1.0826069410501307, 0.27650003701634585]","[0.8590292412158317, -0.859412736412803, -0.25617479157686407, 1.5182574848095882, 0.40420393760780654, 1.0707185899440188, -0.23009711818281206]","[-0.035109460392892665, 0.00468945711699969, 0.016897812558842148, 0.014128012482784738, 0.03443220871206387, -0.006913713642747784, -0.03330553157689903, 0.011428351999430215, 0.014766155274996752, -0.027228509080857572, -0.016268577459258908, -0.02669928549267612, 0.003829308152679803, 0.017248698375699128]",0.0519292583601,0.264285166824,1532092438.68,0
1532092439475907465,"[0.9580139337043562, -0.28672164694753244, -0.0, -0.0, 0.0, 0.0, -0.0001392966851243302, -4.168976417571096e-05]","[1.0, 0.0, 0.0, 0.0, 0.0, 0.36965, 0.0, 0.0996815]","[0.9873169438963085, -0.15867569190781464, 0.0024463077014468654, 0.004167153846863908, -8.935423951418608e-05, -0.00046847247101006184, 0.007144124557730587, -0.0008617310167952502]","[0.9996978002625789, 0.009694742673449717, 0.01369016671721382, -0.017912975970931312, -0.0016176576213379852, 0.37060684084420514, -0.007711255026438052, 0.10440480830770499]","[-1.0331360606408262, -0.758553499609337, 0.336325287743877, 1.33456328546031, -0.4598107411686528, 1.0822234458531594, 0.28033498898605935]","[0.8548107940491468, -0.8601797268067457, -0.25080585881926515, 1.519024475203531, 0.4103398607593482, 1.0707185899440188, -0.235466050940411]","[-0.03646147786325116, 0.005506880011940307, 0.016817236808892678, 0.014512153410097813, 0.035099057793276184, -0.007629643120720021, -0.034414066270493766, 0.011677321117076998, 0.015294715452676206, -0.026927435303121187, -0.016949038380434916, -0.02666616943326572, 0.0036951095475454966, 0.017021969346024884]",0.0529482691649,0.263520786893,1532092439.48,0
1532092440286385722,"[0.9556901022618279, -0.29437463959855115, -0.0, -0.0, 0.0, 0.0, -0.00014278062588960274, -4.397973274854765e-05]","[1.0, 0.0, 0.0, 0.0, 0.0, 0.36965, 0.0, 0.0996815]","[0.9858713762787717, -0.16741644377408707, 0.00039539844663703284, 0.005027806525685342, -6.732731078990667e-05, -0.0003774707057294102, 0.007079747600496056, 7.596636064015339e-05]","[0.9996640916717467, 0.010000643537337574, 0.01213818413684929, -0.020550630553707174, -0.0014591934119773803, 0.37133381017548434, -0.008120650998381388, 0.1049264084333211]","[-1.0316020798529408, -0.7577865092153944, 0.3321068405771921, 1.3284273623087683, -0.46594666432019444, 1.0833739314440736, 0.28455343615274425]","[0.8459904045188057, -0.859412736412803, -0.24812139244046566, 1.5220924367793018, 0.419927240683632, 1.068801113959162, -0.24275245968286674]","[-0.006775120357585006, -0.000987372112167136, 0.021014548382617678, 0.0005242494087737228, 0.02346131051126843, -0.0005618087838148537, -0.018250637605469792, 0.033917732771376746, -0.014340546922142504, -0.019740264828244893, 0.03148175525566002, -0.03649260851010674, -0.01610373604241934, 0.037506728748703505]",0.0554245570146,0.261805292482,1532092440.29,0
1532092441096273382,"[0.9532729446177807, -0.30211039879445684, -0.0, -0.0, 0.0, 0.0, -0.00014628246209649336, -4.6359705486371695e-05]","[1.0, 0.0, 0.0, 0.0, 0.0, 0.36965, 0.0, 0.0996815]","[0.9848730923873971, -0.17314264028936702, -0.0008610328384900494, 0.006476559599718979, 9.145317585895762e-05, 0.0004874779959455622, 0.008541980567823817, 0.0002606910247301697]","[0.9996992792232998, 0.0092534872774671, 0.012381795663288418, -0.018983879097871414, -0.0013488219067204566, 0.3711497144695593, -0.007757002738876997, 0.10482405833920287]","[-1.0223981951256282, -0.757403014018423, 0.3282718886074785, 1.3330293046724246, -0.47246608266870743, 1.0791554842773885, 0.2914563496982286]","[0.8436894333369775, -0.8574952604279463, -0.2454369260616662, 1.5236264175671872, 0.42299520225940285, 1.0684176187621908, -0.2469709068495516]","[-0.03530083931912138, 0.0034136483919909822, 0.01664881280830456, 0.015927145778921, 0.03441977757582815, -0.00792542295157669, -0.03445443216481975, 0.011512717082620309, 0.014387085074584187, -0.027745098392749953, -0.014151808508614685, -0.027444910405692868, 0.0031697991573334757, 0.01829762253733253]",0.0527913262752,0.266684428601,1532092441.1,0
1532092441898202473,"[0.9507949909623187, -0.30982073068302624, -0.0, -0.0, 0.0, 0.0, -0.00014975234080272243, -4.879745906321437e-05]","[1.0, 0.0, 0.0, 0.0, 0.0, 0.36965, 0.0, 0.0996815]","[0.9833941546767466, -0.181409673343725, 0.0018990455546051073, 0.004350509546320783, 1.836679328642843e-05, 0.00016320229113875317, 0.0067453047851404645, -0.0002907622398438392]","[0.999712700476617, 0.008450607276470417, 0.012072788346519276, -0.018849992427132763, -0.0010410847470698772, 0.3707833059576231, -0.008755829509506147, 0.10540328812419097]","[-1.0208642143377429, -0.756252528427509, 0.32213596545593687, 1.33456328546031, -0.4793689962141918, 1.0791554842773885, 0.2945243112739994]","[0.83870399577635, -0.8590292412158317, -0.24121847889498133, 1.5259273887490152, 0.42798063982003043, 1.0661166475803625, -0.25464081078897866]","[-0.03547902696370638, 0.008392636285327212, 0.0173805378974637, 0.012128591860268899, 0.035030984940357265, -0.0065630791580459594, -0.03344474633476047, 0.01340447216460016, 0.017933386542959007, -0.027614786788392354, -0.017008997766375, -0.027542968215408286, 0.0034621633591086524, 0.01884213698431033]",0.0521486837644,0.26572304685,1532092441.9,0
1532092442705868613,"[0.9482795481830724, -0.31743644796668863, -0.0, -0.0, 0.0, 0.0, -0.00015315894744058231, -5.126993653191083e-05]","[1.0, 0.0, 0.0, 0.0, 0.0, 0.36965, 0.0, 0.0996815]","[0.9819776130696544, -0.18894678595823108, -0.0013365195282941562, 0.0036550036657990864, 2.6994803345642415e-05, 0.00011878903229445292, 0.006247266893152802, 0.001172668456079079]","[0.999669131886363, 0.008321983624922438, 0.010606003052861903, -0.021859859781285133, -0.0006806786770752814, 0.3713378404195045, -0.009036542926877372, 0.10585485846494126]","[-1.0200972239438002, -0.756252528427509, 0.317917518289252, 1.3288108575057396, -0.4851214241687621, 1.0799224746713312, 0.30027673922856973]","[0.8310340918369229, -0.8574952604279463, -0.2381505173192105, 1.527844864733872, 0.4348835533655148, 1.0649661619894486, -0.2596262483496063]","[-0.00734950501043866, 0.001956358134811325, 0.022466324086446235, -0.0017385045945735162, 0.02485268005268758, 4.7240301457775885e-06, -0.018884453985217396, 0.035238665397704996, -0.012069097509254398, -0.019934975195677777, 0.03125210840532177, -0.03694302922888299, -0.015557238881308336, 0.038152033092533386]",0.055319496131,0.266330466006,1532092442.71,0
1532092443515820699,"[0.9456851684674524, -0.32508393091736487, -0.0, -0.0, 0.0, 0.0, -0.00015655840574001388, -5.38177224864356e-05]","[1.0, 0.0, 0.0, 0.0, 0.0, 0.36965, 0.0, 0.0996815]","[0.9806494582472648, -0.195683403013784, -0.0008214949885498512, 0.00548033162095931, 7.41147243642909e-05, 0.0003664724277810394, 0.007703024881614548, 0.000978043700756756]","[0.9996826797197006, 0.007901724541405477, 0.0117764232975773, -0.020769864415979816, -0.0006300828867284304, 0.3709496863592679, -0.008399610203664459, 0.10603545031788691]","[-1.010126348822545, -0.7547185476396235, 0.3133155759255958, 1.3330293046724246, -0.4908738521233324, 1.0787719890804173, 0.3071796527740541]","[0.8279661302611521, -0.8551942892461182, -0.2346990605464683, 1.5293788455217574, 0.43948549572917106, 1.0645826667924772, -0.2634612003193198]","[-0.007991494502275289, 0.0021416811702070697, 0.02280323412759913, -0.0018290289012064137, 0.02542527548347368, -0.0001902744021999598, -0.019606293100425828, 0.03414949016033239, -0.01181593054642638, -0.020411288070391723, 0.030255949478990636, -0.03683923304592822, -0.015350846401724703, 0.03779950846414868]",0.0547809800718,0.269012941096,1532092443.52,0
1532092444317504298,"[0.9430212389142896, -0.33273253967196886, -0.0, -0.0, 0.0, 0.0, -0.0001599362810693543, -5.643139601729887e-05]","[1.0, 0.0, 0.0, 0.0, 0.0, 0.36965, 0.0, 0.0996815]","[0.9790264953015099, -0.20361338095420675, 0.0037144382733889014, 0.005565266391862685, -0.0001874691506197762, -0.0007822332389369469, 0.007202163796943202, -0.0004470373293403024]","[0.9996875060235663, 0.007870144656105936, 0.013370604201403433, -0.01954855063961097, -0.0007216952730484203, 0.36993491358120784, -0.007929421248832488, 0.10660383068603313]","[-1.004757416064946, -0.7543350524426522, 0.31024761434982495, 1.3430001797936797, -0.49777676566881673, 1.0783884938834458, 0.31408256631953846]","[0.8256651590793239, -0.8548107940491468, -0.22971362298584072, 1.530912826309643, 0.4456214188807127, 1.0630486860045918, -0.26806314268297604]","[-0.008866758671234064, 0.0031850948828072855, 0.022729954329328853, -0.002026105996259876, 0.025744682335951133, -0.00031295282994214975, -0.020034283884728627, 0.034095475504456046, -0.01063942922697632, -0.02073060828194619, 0.026927430021707964, -0.036942358496154445, -0.015225483246896907, 0.03788795969905363]",0.0554127485521,0.269066220593,1532092444.32,0
1532092445126442750,"[0.9403229894728339, -0.34028322830970203, -0.0, -0.0, 0.0, 0.0, -0.0001632485735306127, -5.907624533256776e-05]","[1.0, 0.0, 0.0, 0.0, 0.0, 0.36965, 0.0, 0.0996815]","[0.9775216242486301, -0.21077662359799218, 0.00040318242882120834, 0.004536765992447393, 0.00011010025709887183, 0.0005107625743148714, 0.006793536629774632, -0.0005968140914077297]","[0.9997756097775554, 0.007221626286401716, 0.00973777636672668, -0.01731246419714333, -0.0007610233684850191, 0.37091940037895077, -0.007603237926304553, 0.10649841859872755]","[-0.9967040169285476, -0.7566360236244803, 0.3056456719861687, 1.3460681413694506, -0.5065971551991579, 1.068801113959162, 0.32251946065290826]","[0.8252816638823526, -0.8551942892461182, -0.22587867101612719, 1.5282283599308435, 0.44983986604739756, 1.0638156763985345, -0.273432075440575]","[-0.03419675534888594, 0.008392084156969353, 0.01814479702599322, 0.01183938230244753, 0.03497149355036105, -0.0064933719743792435, -0.03389138878359791, 0.014247215120537823, 0.01608258673989886, -0.027592587416244603, -0.013291952658549055, -0.028406562484691627, 0.002895699873416046, 0.020274247507134587]",0.0472516601859,0.270237746919,1532092445.13,0
1532092445936239251,"[0.9375400969529554, -0.34787722921376035, -0.0, -0.0, 0.0, 0.0, -0.00016655679105916354, -6.180142606029196e-05]","[1.0, 0.0, 0.0, 0.0, 0.0, 0.36965, 0.0, 0.0996815]","[0.9756608808211389, -0.21922878702846682, 0.0030670885721679336, 0.003351027893420464, -0.00012110603533070641, -0.00046990868161861377, 0.004966514442366425, -2.7403195217406973e-05]","[0.9997472330303037, 0.006895845924328654, 0.010806206276224913, -0.018414929681978144, -0.00048375367486311815, 0.37033705203975464, -0.008029367451429428, 0.10770548062522478]","[-0.9955535313376335, -0.757403014018423, 0.2998932440315984, 1.3468351317633933, -0.5108156023658428, 1.074170046716761, 0.324436936637765]","[0.8199127311247536, -0.8544272988521755, -0.22089323345549958, 1.5301458359157003, 0.4559757891989392, 1.0622816956106491, -0.27803401780423126]","[-0.036279867558137044, 0.010499121283956078, 0.0183025101307925, 0.011514050602922762, 0.03589502395724508, -0.006767142675944696, -0.035462931769045095, 0.013929443829592356, 0.019539442651666458, -0.027623035901486903, -0.016690474412112126, -0.02824060096195826, 0.0020100153737250886, 0.01975537179504268]",0.0510306702209,0.268938673035,1532092445.94,0
1532092446736011605,"[0.9346923623610662, -0.35545771583113694, -0.0, -0.0, 0.0, 0.0, -0.00016983534005447375, -6.458732784621529e-05]","[1.0, 0.0, 0.0, 0.0, 0.0, 0.36965, 0.0, 0.0996815]","[0.9736501867329418, -0.2280203629363386, 0.0001008168593234918, 0.0028410230300486426, -2.2613072664046108e-05, -8.33796757866434e-05, 0.0042412229432429015, 0.0009071984575280273]","[0.9997270223358995, 0.0071808999350841665, 0.007501476167356995, -0.020880811728531033, -0.00035261149223146144, 0.3716613760475162, -0.008456346881412155, 0.10789392953973345]","[-0.9936360553527768, -0.756252528427509, 0.29375732088005674, 1.3380147422330522, -0.5165680303204131, 1.0730195611258468, 0.3286553838044499]","[0.8114758367913839, -0.8532768132612614, -0.21705828148578604, 1.530912826309643, 0.4655631691232231, 1.0599807244288209, -0.28608741694062967]","[-0.03488598898606076, 0.004861365051295223, 0.016598532250545518, 0.016803010149893077, 0.03403552595842248, -0.007932950534251734, -0.03508934147621225, 0.014195310913873261, 0.016940635102622795, -0.0283051992482262, -0.012177005877179913, -0.029224401344085892, 0.001188086098949678, 0.02175674694334314]",0.0517365399738,0.266959812357,1532092446.74,0
1532092447545852436,"[0.9318193593454387, -0.3629224180855409, -0.0, -0.0, 0.0, 0.0, -0.00017303989635308485, -6.739509860993567e-05]","[1.0, 0.0, 0.0, 0.0, 0.0, 0.36965, 0.0, 0.0996815]","[0.9717042760242617, -0.2361376948345171, 0.003700478748958777, 0.0034853040000255133, -0.00023532573477597074, -0.0009221241174834915, 0.004319665265618795, -0.0014535518942909442]","[0.9996731155106052, 0.007316059544776305, 0.010584501365805276, -0.022046948499857298, -0.00023775188846797627, 0.37066329360981665, -0.008640138039085674, 0.10807250732183588]","[-0.9894176081860918, -0.7462816533062537, 0.2880048929254864, 1.3376312470360807, -0.5227039534719548, 1.0749370371107037, 0.3336408213650775]","[0.8049564184428709, -0.851742832473376, -0.21399031991001521, 1.5343642830823851, 0.47284957786567877, 1.0603642196257923, -0.2918398448952]","[-0.008812989066950758, 0.007915510701517438, 0.023534612298873735, -0.003969422877715069, 0.02582467041641219, -0.0005349148435252905, -0.02076352662739159, 0.03594384709423486, -0.00845769383574577, -0.020627637707646886, 0.02778781332628381, -0.03722323816540464, -0.015058514098698789, 0.03903376638659024]",0.0567894108886,0.266414028736,1532092447.55,0
1532092448345925139,"[0.9288496509795523, -0.37045691500519184, -0.0, -0.0, 0.0, 0.0, -0.0001762496334011511, -7.029436399284798e-05]","[1.0, 0.0, 0.0, 0.0, 0.0, 0.36965, 0.0, 0.0996815]","[0.9702110725407948, -0.2421951294540624, 0.0022938361614483734, 0.004772989247854119, -1.9744198488672038e-05, -4.618150365032214e-05, 0.005873522479749109, -0.0011526934665250788]","[0.9997305609012582, 0.006416350656270581, 0.00940854598078723, -0.020176155170072412, -0.0001260654564500565, 0.3708288134340714, -0.008521126915235853, 0.1077095600349752]","[-0.9805972186557508, -0.7466651485032252, 0.28455343615274425, 1.3430001797936797, -0.5311408478053246, 1.068801113959162, 0.34207771569844725]","[0.8018884568671001, -0.8498253564885192, -0.2109223583342444, 1.5351312734763278, 0.476301034638421, 1.058830238837907, -0.29797576804674164]","[-0.03565062072398916, 0.009976069393636329, 0.01814421803509625, 0.012720394446494847, 0.03541956414362651, -0.006899537881630382, -0.0355853388783538, 0.013095559805271044, 0.01869170502062589, -0.028050408958527125, -0.015890787599022543, -0.027958411872445684, 0.0030994262229545417, 0.020021403845986312]",0.0518558610128,0.270254153748,1532092448.35,0
1532092449156004156,"[0.9258560674778743, -0.3778763585015685, -0.0, -0.0, 0.0, 0.0, -0.00017938531392742773, -7.321383050414258e-05]","[1.0, 0.0, 0.0, 0.0, 0.0, 0.36965, 0.0, 0.0996815]","[0.968249643897973, -0.24997490833343813, 0.0007376301645039473, 0.0008220929345858666, 1.1961270912019817e-05, 5.422265212634558e-05, 0.003812513722342211, -0.0010210754709490677]","[0.9997091220809856, 0.006557488851930724, 0.008257142783580279, -0.021643703952160906, -1.522349954133407e-05, 0.37074840655940433, -0.008791598563037115, 0.10827009979774992]","[-0.979830228261808, -0.7458981581092824, 0.2784175130012026, 1.339932218217909, -0.5357427901689807, 1.0680341235652193, 0.3474466484560462]","[0.7969030193064724, -0.8498253564885192, -0.20632041597058814, 1.5366652542642132, 0.48243695778996265, 1.058830238837907, -0.304878681592226]","[-0.036952802991178466, 0.00916852936107038, 0.0176305426485358, 0.014115369754572274, 0.03592829464652132, -0.007783549362829155, -0.036568479441233454, 0.012867350799002924, 0.018745697013272365, -0.02786718591132428, -0.016008241203704372, -0.027991211261323246, 0.0032983864522910704, 0.019395152209808593]",0.0535984210662,0.269855722024,1532092449.16,0
1532092449955771308,"[0.9227646250875109, -0.3853640443620881, -0.0, -0.0, 0.0, 0.0, -0.00018252390629876032, -7.622545209444556e-05]","[1.0, 0.0, 0.0, 0.0, 0.0, 0.36965, 0.0, 0.0996815]","[0.966044738093933, -0.2583550366801471, 0.001126866566145037, 0.0022394299387301564, -0.0001475458070341884, -0.0005380419255134328, 0.002985298118581496, 7.411550104732822e-05]","[0.9996657553226197, 0.006573480072464169, 0.008153661894789178, -0.023593289824162082, 0.00020573930803013002, 0.3708834225435129, -0.009270532391160878, 0.10884775122491894]","[-0.9782962474739226, -0.7458981581092824, 0.27228158984966094, 1.3383982374300234, -0.5399612373356656, 1.0703350947470474, 0.3485971340469603]","[0.7896166105640168, -0.8471408901097197, -0.2024854640008746, 1.5393497206430127, 0.49125734732030374, 1.055762277262136, -0.3106311095467963]","[-0.008886077737268312, 0.010672342539761572, 0.02435330350655691, -0.006419542860091357, 0.026096573314675544, 0.0006033696588893089, -0.02099436169446335, 0.03749206173928419, -0.005459327218804222, -0.020908819965637038, 0.02722872334519277, -0.037792988704794216, -0.014137623764172044, 0.03970647645250579]",0.0572077041488,0.268716722525,1532092449.96,0
1532092450766339890,"[0.919653391672735, -0.3927310010488542, -0.0, -0.0, 0.0, 0.0, -0.00018558573931555774, -7.92529814403462e-05]","[1.0, 0.0, 0.0, 0.0, 0.0, 0.36965, 0.0, 0.0996815]","[0.9641638638916091, -0.2652405542037118, -0.0006975339598498595, 0.005572022664919664, 0.00015514867246688158, 0.000549714320998651, 0.0057005717718825255, 3.48401370914575e-05]","[0.9997077984451775, 0.0060809272299881, 0.007882512954978011, -0.02198098044417822, 0.00020169925151769866, 0.3711900317392134, -0.008576918502793317, 0.10878551214073158]","[-0.9679418771556961, -0.7435971869274544, 0.2715145994557182, 1.3406992086118517, -0.5503156076538922, 1.0676506283682479, 0.35856800916821546]","[0.7857816585943032, -0.8448399189278917, -0.19941750242510378, 1.5401167110369554, 0.49585928968396, 1.0565292676560787, -0.31523305191045253]","[-0.03599641843421317, 0.008264883597075334, 0.017786741789970924, 0.014778153776106496, 0.035142853187057704, -0.007702209770994705, -0.03701796394212059, 0.012190323630994749, 0.018843687536959117, -0.02861985159070301, -0.014362975521875569, -0.02822677649748685, 0.0025596512106615486, 0.020578031361049434]",0.0540515878406,0.270802055387,1532092450.77,0
1532092451566168484,"[0.9164397742133343, -0.4001726380448979, -0.0, -0.0, 0.0, 0.0, -0.0001886515182205896, -8.237658146418982e-05]","[1.0, 0.0, 0.0, 0.0, 0.0, 0.36965, 0.0, 0.0996815]","[0.9615828471229205, -0.27450366593494147, 0.0007481403448283295, 0.0012831761096230498, -9.159601398199546e-05, -0.00031287348327524445, 0.0026353370893906092, 0.00017194504841590297]","[0.9996824530151127, 0.005685933066929817, 0.008100579303967839, -0.023130084538110544, 0.0004981234850899158, 0.3705501594793665, -0.00915127824280185, 0.10941412915772382]","[-0.966791391564782, -0.7424467013365402, 0.2623107147284057, 1.3414661990057943, -0.5549175500175484, 1.0680341235652193, 0.36278645633490036]","[0.7807962210336756, -0.8425389477460635, -0.19328157927356213, 1.5405002062339268, 0.502378708032473, 1.0549952868681933, -0.32213596545593687]","[-0.009350801504078163, 0.012316492156499619, 0.02456923713418379, -0.007451147953978158, 0.02650078329723108, 0.00046449422175832457, -0.021264785897224938, 0.03706448510776849, -0.003859899416719473, -0.020857133425742507, 0.025674569265855332, -0.0373793177370301, -0.01347364271869697, 0.0391708967470405]",0.0565024950758,0.26736840505,1532092451.57,0
1532092452375957401,"[0.9132098243553982, -0.40748965226221734, -0.0, -0.0, 0.0, 0.0, -0.00019163865375469878, -8.551240503092827e-05]","[1.0, 0.0, 0.0, 0.0, 0.0, 0.36965, 0.0, 0.0996815]","[0.9599413989917874, -0.28015582001366557, -0.0003610656154900147, 0.004597304717748617, 0.00018528628289019022, 0.0006189765990695095, 0.004738316698032448, -0.000596704778878035]","[0.9997275071766881, 0.005714180942285087, 0.007092023954818723, -0.02144571010981086, 0.00028345834759302017, 0.3710810058090484, -0.008674896452091234, 0.10921916472944174]","[-0.9579710020344409, -0.7405292253516835, 0.26039323874354897, 1.3437671701876224, -0.5622039587600042, 1.063432181201563, 0.36930587468341336]","[0.776961269063962, -0.8417719573521208, -0.18983012250081996, 1.540883701430898, 0.5065971551991579, 1.0553787820651646, -0.32635441262262177]","[-0.03578694491073693, 0.010374957702633244, 0.018214266110987656, 0.013173505083754509, 0.03530956833689649, -0.00721593654220073, -0.03687558434140116, 0.013027860230729528, 0.01964083198126596, -0.02846572851079687, -0.014693901478214, -0.02826429587270608, 0.003024961093954454, 0.02108478997177465]",0.0526990230735,0.271855162762,1532092452.38,0
1532092453188459867,"[0.9098802674932878, -0.4148709423740629, -0.0, -0.0, 0.0, 0.0, -0.00019462382512069952, -8.87410933294749e-05]","[1.0, 0.0, 0.0, 0.0, 0.0, 0.36965, 0.0, 0.0996815]","[0.957187551303134, -0.2894555885013219, 0.0018674988373897188, -5.565173898847836e-05, -9.952327848239406e-05, -0.00031863930216641245, 0.0015984566797379498, -0.0008157967728792126]","[0.9996937777376084, 0.0064142224580797415, 0.006807185598612689, -0.022865376079446227, 0.00019594686296652095, 0.37068600258346196, -0.008598836293523426, 0.10999230710320772]","[-0.9579710020344409, -0.7389952445637981, 0.2542573155920073, 1.3418496942027656, -0.5660389107297177, 1.066500142777334, 0.3739078170470696]","[0.7723593267003058, -0.839854481367264, -0.1829272089553356, 1.5412671966278695, 0.5158010399264704, 1.0530778108833365, -0.33402431656204884]","[-0.038243799266522036, 0.009839056655701173, 0.017518449156270398, 0.014970872502671855, 0.03582249148578306, -0.007740726398782684, -0.03871576989883277, 0.01206932317964651, 0.02001230633371719, -0.027910133150162962, -0.016068039589246474, -0.027871776287933907, 0.0022821227933928767, 0.01986087921452784]",0.0557975123193,0.268367102225,1532092453.19,0
1532092453997195103,"[0.9064796173316401, -0.42224957473309965, -0.0, -0.0, 0.0, 0.0, -0.0001975788130834023, -9.203468914868585e-05]","[1.0, 0.0, 0.0, 0.0, 0.0, 0.36965, 0.0, 0.0996815]","[0.9552131788948011, -0.29590634149202855, 0.001252220482635678, 0.0012991234702482476, -0.00026569267882023406, -0.0008482826564094048, 0.0027743188543548495, -0.0005335350911524067]","[0.9996346645038373, 0.005938406701527374, 0.00678626107804513, -0.025439578540163318, 0.0006549549432397908, 0.37076836148210673, -0.009649282281984457, 0.10971119015608467]","[-0.9564370212465555, -0.7343933022001419, 0.24888838283440837, 1.3391652278239663, -0.571791338684288, 1.0657331523833913, 0.37850975941072584]","[0.7631554419729933, -0.8364030245945219, -0.1829272089553356, 1.5435681678096975, 0.5230874486689261, 1.0519273252924224, -0.34246121089541864]","[-0.008272450925929153, 0.014583285858747099, 0.02532880383820381, -0.009081740911378342, 0.0262065862813031, 0.0013398129633566715, -0.020966099813923892, 0.038316047113942195, -0.0028325787213792997, -0.021235735375438675, 0.025684005363614537, -0.038081718105412554, -0.012714095648082431, 0.03976684060017677]",0.0596476258158,0.271165436374,1532092454.0,0
1532092454798082028,"[0.9030348583937494, -0.42956727590190225, -0.0, -0.0, 0.0, 0.0, -0.00020047984921618122, -9.536684204439475e-05]","[1.0, 0.0, 0.0, 0.0, 0.0, 0.36965, 0.0, 0.0996815]","[0.952838875715981, -0.30343736587076675, -0.0011134553271068982, 0.0043167688973302825, 0.0002619216783639605, 0.0008082181402441768, 0.004660414721363273, 0.00020005462544921138]","[0.9996929780409679, 0.005413849051825766, 0.006409210375992435, -0.02327044065167878, 0.0006068759905598358, 0.37096033532874273, -0.009158716562191924, 0.10985235832156931]","[-0.9453156605343862, -0.7340098070031704, 0.24505343086469483, 1.3414661990057943, -0.5802282330176578, 1.0630486860045918, 0.3854126729562102]","[0.7589369948063085, -0.8341020534126937, -0.17755827619773665, 1.5458691389915258, 0.5269224006386396, 1.0515438300954512, -0.3474466484560462]","[-0.036582516921361594, 0.010579205779191065, 0.018106214265744196, 0.013435218658164005, 0.03536597745795145, -0.006905535989444269, -0.037685495156753485, 0.011683486683300026, 0.021307993618352894, -0.02868814828129091, -0.016029873638438732, -0.02784576691282474, 0.0032650893510419573, 0.02039512677306922]",0.0555983934724,0.27177799017,1532092454.8,0
1532092455606322472,"[0.8995657069977613, -0.4367854608313077, -0.0, -0.0, 0.0, 0.0, -0.00020331180155141117, -9.871834624449229e-05]","[1.0, 0.0, 0.0, 0.0, 0.0, 0.36965, 0.0, 0.0996815]","[0.9500939349637032, -0.311944104900732, 0.0025321692817133375, 0.001416911891846045, -0.00026431170814950056, -0.0007881145852386418, 0.002248516118557262, -0.0002966814280371405]","[0.9996651408330604, 0.004978494007032853, 0.005856687801267994, -0.024667195378242017, 0.0009374279978669566, 0.3706606025075462, -0.009704953156920408, 0.11049520454907782]","[-0.9449321653374149, -0.7332428166092277, 0.23776702212223913, 1.3433836749906511, -0.5852136705782853, 1.0641991715955057, 0.3900146153198664]","[0.7539515572456809, -0.8337185582157224, -0.17257283863710904, 1.5458691389915258, 0.5342088093810954, 1.0488593637166517, -0.3539660668045592]","[-0.008704978342685374, 0.01676636443465331, 0.02548491489779591, -0.010176317943439733, 0.02639475922293027, 0.0017757317213850168, -0.021141698148221682, 0.03808311340522924, -0.0005533303761054641, -0.021286337057372203, 0.02391725366977058, -0.03767801811658393, -0.012362166855663027, 0.0399372464761408]",0.0579495904364,0.269704083942,1532092455.61,0
1532092456416427439,"[0.8960059957515029, -0.444041952497011, -0.0, -0.0, 0.0, 0.0, -0.00020612830057095875, -0.00010215290241852797]","[1.0, 0.0, 0.0, 0.0, 0.0, 0.36965, 0.0, 0.0996815]","[0.9480806147912142, -0.3179802121024433, -0.0007719248398378627, 0.005212079744449338, 7.684221116031897e-05, 0.0002277760479162949, 0.004498715211168047, 0.0005848596717262372]","[0.9996917299217442, 0.004333859442904956, 0.005419206328918685, -0.02379592702890235, 0.0010571355303629704, 0.37125052776835793, -0.009150561051660724, 0.10994185984106396]","[-0.935344785413131, -0.7301748550334569, 0.23508255574343967, 1.3433836749906511, -0.5940340601086265, 1.0607477148227635, 0.3980680144562649]","[0.75088359566991, -0.8279661302611521, -0.17065536265225228, 1.545102148597583, 0.5391942469417229, 1.0488593637166517, -0.3574175235773014]","[-0.036262621934379555, 0.009304285275677764, 0.01804024230927649, 0.014851085277974064, 0.034830710680750936, -0.00657656988502554, -0.037932440851713115, 0.011903752834044124, 0.021659565475695277, -0.029059695587601242, -0.016087857917025796, -0.028074598980499445, 0.0036290242389861614, 0.021175707076362255]",0.0554685030533,0.273399131647,1532092456.42,0
1532092457226470060,"[0.8923789026516276, -0.4512869310120524, -0.0, -0.0, 0.0, 0.0, -0.00020890900178565554, -0.00010564783859916583]","[1.0, 0.0, 0.0, 0.0, 0.0, 0.36965, 0.0, 0.0996815]","[0.9451513456301821, -0.32662183549273394, 0.0017633477947127853, -0.00016307924865195753, -0.00023197405819931627, -0.0006626839133122009, 0.0016563314339883787, 0.0007182473647191351]","[0.9996649809541234, 0.004404452140997177, 0.006175185611425513, -0.024705133013007325, 0.0011637383885182415, 0.3702703362091952, -0.009371573238770858, 0.11075897803902905]","[-0.9349612902161597, -0.7290243694425429, 0.22856313739492665, 1.3441506653845938, -0.59786901207834, 1.0641991715955057, 0.40305345201689247]","[0.7470486437001965, -0.8252816638823526, -0.16490293469768197, 1.5458691389915258, 0.5464806556841787, 1.0473253829287663, -0.3658544179106712]","[-0.009286136866338186, 0.01745797580629542, 0.025636401265347622, -0.011348663126635069, 0.02655601182318378, 0.0024093392095656165, -0.021418293352984848, 0.03789882708050133, 0.000891107703987949, -0.021337819068789975, 0.0227542266008927, -0.03774198886347234, -0.012105645996782084, 0.039449702084045156]",0.0582986877483,0.271043672031,1532092457.23,0
1532092458029085787,"[0.8886941329135541, -0.4585005323061535, -0.0, -0.0, 0.0, 0.0, -0.00021164570343025957, -0.00010919355050195165]","[1.0, 0.0, 0.0, 0.0, 0.0, 0.36965, 0.0, 0.0996815]","[0.9431794088799936, -0.3322691019442367, -2.356395206689569e-05, 0.002422957691305281, 7.433919272106793e-05, 0.00020586507337672089, 0.0036098046545276676, -0.0006717127321309579]","[0.9996997509257548, 0.004515153882753046, 0.004805669752898569, -0.023555793412940812, 0.000966515180060413, 0.37085274181561534, -0.009069659354369947, 0.11025297890653704]","[-0.9265243958827899, -0.724805922275858, 0.22511168062218448, 1.3449176557785365, -0.6051554208207958, 1.0576797532469928, 0.41072335595631954]","[0.7420632061395689, -0.8245146734884099, -0.16106798272796843, 1.5458691389915258, 0.5503156076538922, 1.0484758685196802, -0.37045636027432743]","[-0.036873147938811655, 0.011296518143764117, 0.01843753306118723, 0.013518859666785182, 0.03554798521173389, -0.006241301008091855, -0.0382697645102962, 0.011734258380944534, 0.021695705969301784, -0.02864777742804294, -0.0168496936775186, -0.027793583888728594, 0.00431541959378689, 0.02027853823671015]",0.0549372540828,0.275373589416,1532092458.03,0
1532092458837503637,"[0.8849862604735653, -0.46561713754222445, -0.0, -0.0, 0.0, 0.0, -0.00021431350521997856, -0.00011275659893721896]","[1.0, 0.0, 0.0, 0.0, 0.0, 0.36965, 0.0, 0.0996815]","[0.9397243682737276, -0.34192217484217796, 0.0012284728120490716, 0.0013605115222322592, 9.849982316326167e-05, 0.00027419686408536315, 0.0014535029307298619, -0.00043680984474910034]","[0.9997064325896217, 0.0038002706645522072, 0.004684262613709706, -0.023422451596582544, 0.0012340300764229649, 0.370724417271699, -0.009810927430173309, 0.11085790749646685]","[-0.9246069198979331, -0.7221214558970586, 0.21859226227367146, 1.3441506653845938, -0.6135923151541655, 1.0584467436409355, 0.41379131753209036]","[0.737844758972884, -0.8222137023065818, -0.15608254516734085, 1.5466361293854685, 0.5576020163963479, 1.0473253829287663, -0.3777427690167831]","[-0.036564232516540236, 0.014277586925800851, 0.018307619033482492, 0.0111422824797731, 0.035122049999454036, -0.005572748408261842, -0.03739451709103069, 0.012936587244333752, 0.024419418584927594, -0.02820292069395464, -0.018525140348662723, -0.027438600373297612, 0.004267203545258184, 0.02115058205722515]",0.0549814050513,0.270813185858,1532092458.84,0
1532092459647175025,"[0.8811929614834768, -0.4727567711117206, -0.0, -0.0, 0.0, 0.0, -0.00021695702784195334, -0.00011639664458949581]","[1.0, 0.0, 0.0, 0.0, 0.0, 0.36965, 0.0, 0.0996815]","[0.937253810455495, -0.34864003436652197, 0.00112766327292752, 0.0004135774973627049, -9.538488729149419e-05, -0.00025070790011616495, 0.0018245096148604267, -0.0001557007398158422]","[0.9996415942816601, 0.003983733273610653, 0.0044489997375192275, -0.02605694284100491, 0.0014665425303982172, 0.3708470727522565, -0.0103269740071295, 0.11119600827109218]","[-0.9234564343070191, -0.7182865039273449, 0.21360682471304387, 1.3380147422330522, -0.6166602767299363, 1.0618982004136777, 0.41762626950180387]","[0.7290243694425429, -0.8195292359277823, -0.15339807878854136, 1.5474031197794111, 0.5645049299418322, 1.0473253829287663, -0.3854126729562102]","[-0.008062149234513153, 0.02024509586375201, 0.026349187402079678, -0.012791718288613082, 0.026512336941961485, 0.0025197337818795504, -0.021032094470659454, 0.038650951421224766, 0.0014490646961321625, -0.021419274908012535, 0.023842432608589453, -0.0376122120609475, -0.011306716841810732, 0.04030714008163061]",0.0597322218578,0.272662092613,1532092459.65,0
1532092460456434352,"[0.8773362995253575, -0.47987604392712924, -0.0, -0.0, 0.0, 0.0, -0.00021955929592884214, -0.00012009219998620765]","[1.0, 0.0, 0.0, 0.0, 0.0, 0.36965, 0.0, 0.0996815]","[0.9352534908408178, -0.3539457689213952, 0.0010348128647416754, 0.004271890328590303, -5.979241391207424e-05, -0.00016059798643980328, 0.004082311711319673, -0.00120469914751202]","[0.9996661905904933, 0.004325647728567802, 0.004120572757553834, -0.025095058418080473, 0.0012068427545665265, 0.3710854085205999, -0.00902853719488418, 0.11055650331412273]","[-0.9131020639887926, -0.7148350471546028, 0.21130585353121575, 1.342233189399737, -0.6227961998814779, 1.0576797532469928, 0.42683015422911635]","[0.7259564078667721, -0.8168447695489828, -0.14879613642488512, 1.5485536053703253, 0.5698738626994312, 1.045024411746938, -0.3877136441380383]","[-0.00865925550985426, 0.02027928407095322, 0.026553322811999017, -0.012658256147195644, 0.026408325618397184, 0.003220076427759516, -0.02206671495324077, 0.037145609777769886, 0.0011895057633468458, -0.022304124636504843, 0.022883956856131153, -0.03740864017905155, -0.009601957285797552, 0.03940064320796968]",0.0574151901913,0.277752906274,1532092460.46,0
