rosbagTimestamp,desiredRelPose,desiredAbsPose,currentRelPose,currentAbsPose,joint_state_left,joint_state_right,del_q,norm_error_abs,norm_error_rel,timeStamp,timeStampNew,controlMode
1532096662470410000,"1.0, 0.0, 0.0, 0.0, 0.0, 0.0, 0.0, 0.0","1.0, 0.0, 0.0, 0.0, 0.0, 0.36965, 0.0, 0.0996815","1.0, 0.0, 0.0, 0.0, 1.2833114942441636e-17, 1.1102230246251565e-16, 0.0, 2.7755575615628914e-17","0.9999990080398143, 0.0, 0.0, 0.0, -1.0537537966859385e-15, 0.36964891711897374, 0.0, 0.09968120798537801","-1.1044661672774978, -0.8015049616701286, 0.4333495725776294, 1.3537380453088776, -0.3501311148348457, 1.0826069410501307, 0.2009514832129892","1.0093593584286022, -0.8916263329583968, -0.317917518289252, 1.466869128415427, 0.2768835322133172, 1.103315681686584, -0.09203884727312482","-0.0006464703580689182, 0.0003477542427300497, 0.0004911585989710754, -0.0001338424504274146, 0.000666040016018801, -0.00015403215754067004, -0.0008092785095663738, -0.0006323846432215443, -0.00024180996188658452, 0.0005435116304050347, 9.502862120616284e-05, 0.0006424113275285909, 0.0001594194920771852, -0.0007339237314499335",0.0028170348,2.28878339926E-016,1532096662.47,0,0
1532096664281300000,"0.9999999999999785, -2.0742416381835792e-07, -0.0, -0.0, 0.0, 0.0, -1.0371208190917747e-10, -2.1512391867872646e-17","1.0, 0.0, 0.0, 0.0, 0.0, 0.3696500010371208, 0.0, 0.09968150103712083","1.0, 0.0, 0.0, 0.0, -2.4663246252134424e-06, 0.0015137295581174603, -0.0021140444885652553, 0.004182082212265181","0.9999003308770219, -0.00437470132950873, 0.01324096420960533, 0.0016990915773045208, 0.0014547979065253458, 0.36446600246976374, -0.00196038035219113, 0.09754290219818976","-1.1094516048381255, -0.7903836009579595, 0.42951462060791584, 1.3621749396422473, -0.35051461003181705, 1.0787719890804173, 0.20056798801601786","1.0143447959892298, -0.871301087518915, -0.3186845086831947, 1.479907965112453, 0.273432075440575, 1.0967962633380708, -0.09203884727312482","-0.011478431519665652, 0.01678047644505715, 0.005132739058488861, -0.01858669445562135, 0.007956870833913799, 0.0055805279290845975, -0.004825231537780217, -0.00019430524271520718, 0.018577266924865266, -0.0008434095203149518, -0.02381979640430967, 0.0036267151058843386, 0.0076850635550402766, -0.00643288468426236",0.0321223765,0.0098489334,1532096664.28,1.8099999428,0
1532096665089630000,"0.9999671399872924, -0.008106722249767813, -0.0, -0.0, 0.0, 0.0, -4.053272328343166e-06, -3.2859832743069245e-08","1.0, 0.0, 0.0, 0.0, 0.0, 0.36969053509235383, 0.0, 0.09972203509235383","1.0, 0.0, 0.0, 0.0, 3.132206654036813e-05, -0.002328903451349673, -0.0026929047847199443, -0.0006197649764837498","0.9998797325161976, -0.00579473325053499, 0.014255536976617002, 0.0013213386727772727, 0.0020182645390429367, 0.36268995421788164, -0.002758564755562039, 0.09308329068427061","-1.1159710231866384, -0.7715923363063631, 0.42951462060791584, 1.3690778531877317, -0.35051461003181705, 1.0760875227016178, 0.20056798801601786","1.0139613007922585, -0.8624806979885739, -0.31945149907713744, 1.4772234987336534, 0.27381557063754636, 1.0929613113683574, -0.09203884727312482","-0.007560181641478869, 0.017704345337676446, 0.006408591179951524, -0.022268017811026285, 0.0069478711584528485, 0.006532079713702335, -0.002678115017506727, 0.0032322332933045934, 0.017467816174533884, 0.003054076214956732, -0.03276359837297013, 0.00676612711623362, 0.020198461871065193, -0.009371444043249678",0.036177124,0.0177491553,1532096665.09,2.6199998856,0
1532096665902150000,"0.9998689631916081, -0.016188157589381795, -0.0, -0.0, 0.0, 0.0, -8.09337168539198e-06, -1.3103394654271187e-07","1.0, 0.0, 0.0, 0.0, 0.0, 0.36977147941589356, 0.0, 0.09980297941589357","1.0, 0.0, 0.0, 0.0, 2.1003152643372675e-05, -0.0006905792914342901, -0.002941175222300575, 0.0014470505120762756","0.9998212277285035, -0.006216435503832517, 0.01769323713373879, 0.0019604733454274903, 0.0021210047482132168, 0.3621175813191494, -0.002987806172519368, 0.09350750993088974","-1.1152040327926958, -0.7685243747305923, 0.42951462060791584, 1.3617914444452761, -0.35051461003181705, 1.0810729602622453, 0.19980099762207515","1.0143447959892298, -0.8574952604279463, -0.3186845086831947, 1.4787574795215388, 0.273432075440575, 1.0933448065653286, -0.09242234247009617","-0.011761095213139679, 0.020710122665668466, 0.008212702287586315, -0.023797839464318866, 0.009394103231113877, 0.0037720931128303187, -0.00752692571951377, 0.0030484068488571144, 0.023528779955062938, 0.001373871032050943, -0.03916237527924813, 0.007918716985083576, 0.0233688697105497, -0.00897306297636154",0.0430763074,0.033060789,1532096665.9,3.4300000668,0
1532096666700560000,"0.9997043767315876, -0.024313764490671488, -0.0, -0.0, 0.0, 0.0, -1.21544861279842e-05, -2.956087020316072e-07","1.0, 0.0, 0.0, 0.0, 0.0, 0.36989306021928786, 0.0, 0.09992456021928789","1.0, 0.0, 0.0, 0.0, 1.6392055439023653e-05, 0.0003514945780335732, -0.004103634725739819, 0.002129933785526325","0.9997958890172031, -0.005895026870290105, 0.019023825344041213, 0.0030901076457456682, 0.001919059903700881, 0.3619842501437427, -0.0039217139753826855, 0.09379759984616472","-1.1167380135805811, -0.7646894227608787, 0.42874763021397316, 1.3533545501119062, -0.3508981052287884, 1.0852914074289302, 0.19826701683418974","1.0143447959892298, -0.8551942892461182, -0.31906800388016604, 1.4783739843245676, 0.27458256103148904, 1.0944952921562427, -0.095490304045867","-0.013600715554823624, 0.023140041808412705, 0.009652837546631156, -0.025099271099796355, 0.011205202451454361, 0.0018636413780826668, -0.009569588418434565, 0.00648833738962693, 0.02794463822053652, -0.0007477838419510904, -0.043666136310237, 0.006946272306392022, 0.026627216127671147, -0.005937872639183595",0.0462957522,0.0495046928,1532096666.7,4.2300000191,0
1532096667509650000,"0.999478436993877, -0.03229324982526207, -0.0, -0.0, 0.0, 0.0, -1.6141009712504283e-05, -5.215176633981505e-07","1.0, 0.0, 0.0, 0.0, 0.0, 0.3700545545458794, 0.0, 0.10008605454587938","1.0, 0.0, 0.0, 0.0, 3.51852699448903e-05, 0.00020895364668194194, -0.00397082962681861, 0.0037060326746828354","0.9998058639407295, -0.006420792107513281, 0.018371178947507043, 0.0027458068131513995, 0.00215860912793738, 0.3632160833714943, -0.004456894282750931, 0.09316871768178914","-1.117505003974524, -0.7600874803972225, 0.42951462060791584, 1.3410827038088229, -0.35051461003181705, 1.0906603401865291, 0.19750002644024703","1.0108933392164876, -0.847524385306691, -0.3175340230922806, 1.470320585188169, 0.27458256103148904, 1.0933448065653286, -0.095490304045867","-0.01766516386878366, 0.02482913114874391, 0.013160982724876064, -0.031154882305445795, 0.016391817868759588, 0.013690527034252222, -0.00970619415280859, 0.012184834056650853, 0.022672124186907644, -0.004072491835961889, -0.03294683128323822, -0.0017308030762718477, 0.01597110029922444, 3.530790786335225e-05",0.0447101876,0.0655027654,1532096667.51,5.0399999619,0
1532096668319010000,"0.9991844678386582, -0.04037820241141686, -0.0, -0.0, 0.0, 0.0, -2.017812194512113e-05, -8.154212944730392e-07","1.0, 0.0, 0.0, 0.0, 0.0, 0.3702565004587174, 0.0, 0.10028800045871736","1.0, 0.0, 0.0, 0.0, 2.5526088675390055e-05, -2.3400273615303835e-05, -0.0026315192466379858, 0.002763117756262798","0.9998186459034532, -0.00375592646885891, 0.018428198600549364, 0.0026463631655441393, 0.0011816860486439126, 0.3637543156793154, -0.003372166166496714, 0.09329999314810984","-1.113286556807839, -0.7577865092153944, 0.4302816110018586, 1.3395487230209375, -0.35128160042575973, 1.0937283017623, 0.19711653124327566","1.0070583872467742, -0.8448399189278917, -0.3148495567134812, 1.4649516524305701, 0.27880100819817394, 1.0964127681410996, -0.09817477042466648","-0.019473194874634312, 0.022373053174853778, 0.013935658417089384, -0.02818706987166259, 0.018113564426489447, 0.012314413649494236, -0.012498520424702262, 0.01099747055719613, 0.01922047905182098, -0.004408664530914439, -0.030680584404554463, -0.0026792379736345134, 0.01594167057289017, -0.0004336098443854918",0.0426011661,0.0811358771,1532096668.32,5.8499999046,0
1532096669129150000,"0.9988249406615147, -0.048463779387513214, -0.0, -0.0, 0.0, 0.0, -2.4212900393537426e-05, -1.1748291569762595e-06","1.0, 0.0, 0.0, 0.0, 0.0, 0.3704989143133164, 0.0, 0.10053041431331636","1.0, 0.0, 0.0, 0.0, 2.1716380813308588e-05, 0.0010893901812564777, -0.002877134331465382, 0.003208915597225123","0.9997929932148495, -0.0020941490150306564, 0.019739471035755022, 0.004239694640077553, 0.00043370249883056133, 0.364226356230737, -0.0034118655753227443, 0.09351616119501927","-1.1106020904290395, -0.7531845668517382, 0.4291311254109445, 1.3299613430966537, -0.3508981052287884, 1.0952622825501854, 0.19788352163721837","1.004757416064946, -0.8390874909733214, -0.31178159513771037, 1.4588157292790285, 0.2811019793800021, 1.0994807297168703, -0.1012427320004373","-0.02200666559121013, 0.024732761854101188, 0.015421966760203326, -0.03017992824403762, 0.020381256545945674, 0.013069433037025843, -0.014076922916466757, 0.012460214240327158, 0.02051808512165819, -0.005950425926011383, -0.030794649250272386, -0.004299872376851092, 0.015471224259846877, 0.00117313776385055",0.0450787476,0.0973700918,1532096669.13,6.6600000858,0
1532096669940070000,"0.9983995300089131, -0.05655420831362835, -0.0, -0.0, 0.0, 0.0, -2.8246918557166517e-05, -1.6000429370052168e-06","1.0, 0.0, 0.0, 0.0, 0.0, 0.37078183630704886, 0.0, 0.1008133363070488","1.0, 0.0, 0.0, 0.0, 2.50759732269663e-05, -0.000631775170260862, -0.0021196474897238952, 0.0018861073246086296","0.9998072791259897, 1.5585204778525335e-05, 0.019416982140041658, 0.002534612260202947, -0.00018130869857316032, 0.36454983664788204, -0.0030815604400674, 0.09288473052463453","-1.1098351000350968, -0.7481991292911105, 0.42798063982003043, 1.3276603719148257, -0.3508981052287884, 1.0998642249138417, 0.19711653124327566","0.9986214929134043, -0.8352525390036077, -0.3094806239558822, 1.4534467965214295, 0.2849369313497156, 1.1006312153077844, -0.10316020798529407","-0.022556757643262097, 0.021222358313734185, 0.016373398586423372, -0.027185568436703684, 0.021544881267715928, 0.01248831968521947, -0.016447668998785844, 0.012917080040757097, 0.016439138270958123, -0.005681373302536156, -0.029553015641276166, -0.0051875614972706095, 0.01704865900804342, 0.0012314149949023776",0.0432677769,0.1133162759,1532096669.94,7.4700000286,0
1532096670739540000,"0.9979081355731333, -0.06464791533338847, -0.0, -0.0, 0.0, 0.0, -3.227885113008472e-05, -2.091134805428025e-06","1.0, 0.0, 0.0, 0.0, 0.0, 0.37110530146360404, 0.0, 0.10113680146360399","1.0, 0.0, 0.0, 0.0, 2.1032950321305628e-05, -4.969234170171255e-05, -0.0025690092675536274, 0.0016577000626016025","0.9998109580243648, 0.0024463425971127687, 0.018888872628464927, 0.003649074044756481, -0.0011776238240807752, 0.3655302753993207, -0.002994940871951758, 0.09310854561858332","-1.1071506336562973, -0.7447476725183684, 0.426446659032145, 1.3188399823844845, -0.35128160042575973, 1.1017817008986983, 0.19673303604630432","0.9959370265346049, -0.8318010822308656, -0.30679615757708273, 1.4465438829759452, 0.28877188331942916, 1.103315681686584, -0.10661166475803625","-0.023465193330257296, 0.02149794402002864, 0.017431402420801125, -0.027505715446839437, 0.022806042115121994, 0.013153535095501, -0.017528781300246935, 0.01495680518410517, 0.01497082565771633, -0.006739149736417455, -0.02677364016642067, -0.0071331184646211045, 0.01614335737558496, 0.0037642527196375154",0.0424694747,0.1295283965,1532096670.74,8.2699999809,0
1532096671551210000,"0.9973595010832396, -0.07262248686867886, -0.0, -0.0, 0.0, 0.0, -3.6247272883279484e-05, -2.639336263536218e-06","1.0, 0.0, 0.0, 0.0, 0.0, 0.3714687338352204, 0.0, 0.10150023383522035","1.0, 0.0, 0.0, 0.0, 2.169216535248715e-05, -0.00023204199887683075, -0.002313254478176713, 0.0017631725794129832","0.9997551224163506, 0.006569483724731949, 0.020612705153612427, 0.004438295640363783, -0.002769197637987908, 0.36544372824261584, -0.002261969552948119, 0.09336201181785819","-1.1040826720805266, -0.7424467013365402, 0.4260631638351737, 1.3169225063996277, -0.3516650956227311, 1.105616652868412, 0.19711653124327566","0.9901845985800346, -0.8245146734884099, -0.30104372962251247, 1.4404079598244035, 0.2949078064709708, 1.1060001480653834, -0.11159710231866385","-0.027995913837564158, 0.021733754841160212, 0.019207359518526874, -0.0269610322352529, 0.026097453924415495, 0.012432156613381684, -0.021978337718215543, 0.013282495390520965, 0.0148679727535151, -0.006934620466632729, -0.028679573750268632, -0.007004527303605674, 0.017334947150272836, 0.001857087967827957",0.0475369812,0.1454882126,1532096671.55,9.0799999237,0
1532096672360340000,"0.9967366997201024, -0.08072144344025611, -0.0, -0.0, 0.0, 0.0, -4.027282954882381e-05, -3.261524265653456e-06","1.0, 0.0, 0.0, 0.0, 0.0, 0.3718727806568146, 0.0, 0.10190428065681459","1.0, 0.0, 0.0, 0.0, 1.880906253180813e-05, 0.0002370098569759449, -0.0014274151236290044, 0.0018140314422499526","0.9997276899430426, 0.009392052702932526, 0.021108315834013236, 0.002969635372114962, -0.003681501054281872, 0.3661106369375612, -0.0017895391198534442, 0.09420089310065993","-1.1010147105047556, -0.7401457301547121, 0.42452918304728826, 1.308485612066258, -0.35204859081970247, 1.1102185952320682, 0.19711653124327566","0.985199161019407, -0.8233641878974959, -0.30027673922856973, 1.4384904838395467, 0.30027673922856973, 1.1086846144441829, -0.11543205428837738","-0.03174451878733414, 0.019081003160001015, 0.020125300942908014, -0.02318178348143201, 0.028845088545869334, 0.01047034474765305, -0.026253023501189382, 0.010458962158333397, 0.011858677008747289, -0.007176764201558981, -0.026393688469224148, -0.007285315236534088, 0.016446435156438358, 0.000559682144649647",0.0493746859,0.1616843967,1532096672.36,9.8899998665,0
1532096673169560000,"0.9960513822025606, -0.08877862362285516, -0.0, -0.0, 0.0, 0.0, -4.4272322231854954e-05, -3.946017145862768e-06","1.0, 0.0, 0.0, 0.0, 0.0, 0.3723172589540482, 0.0, 0.10234875895404817","1.0, 0.0, 0.0, 0.0, -5.888773075975531e-06, -0.0008167741622566171, -0.0017546941822537158, -0.0004674148269828149","0.9997127274052442, 0.013420473716710513, 0.019344519378293172, 0.0042650958600615515, -0.005292352409006098, 0.36685145318678447, -0.0016607803248198175, 0.09369983373285161","-1.099097234519899, -0.7347767973971132, 0.4226117070624315, 1.303116679308659, -0.3508981052287884, 1.1125195664138963, 0.19750002644024703","0.978679742670894, -0.820296226321725, -0.2941408160770281, 1.4292865991122343, 0.304878681592226, 1.1113690808229824, -0.12041749184900498","-0.030865039836932003, 0.019380209366533986, 0.0220765571312466, -0.024372304698274592, 0.02988771190085758, 0.011757575668123249, -0.027105745735618025, 0.013655787295767077, 0.007707769346836813, -0.006587824556350816, -0.023269704588228225, -0.008574690563862513, 0.017766395396709846, 0.002786515528567164",0.0503576928,0.1778342236,1532096673.17,10.7000000477,0
1532096673979500000,"0.9953003154133881, -0.09683636784808754, -0.0, -0.0, 0.0, 0.0, -4.8266269529072924e-05, -4.695999949352949e-06","1.0, 0.0, 0.0, 0.0, 0.0, 0.37280220072269443, 0.0, 0.10283370072269442","1.0, 0.0, 0.0, 0.0, 2.2448297945848114e-06, -0.00039300803582065225, -0.00044176578188104417, 0.0006967647011536376","0.9996007180087157, 0.016483149029194746, 0.022648243871567275, 0.0034375397038058893, -0.0063365158040018755, 0.3663901167525302, -0.0012802935445887479, 0.09417178517632821","-1.096029272944128, -0.7328593214122564, 0.42146122147151743, 1.3015826985207735, -0.3524320860166738, 1.1155875279896672, 0.19750002644024703","0.972160324322381, -0.8130098175792693, -0.2914563496982286, 1.4281361135213202, 0.3106311095467963, 1.1129030616108677, -0.12616991980357528","-0.008777267580805546, -0.022842724386042543, 0.004552377274582027, 0.003694413169145329, 0.01136355456847162, 0.00732123643956065, -0.00866989511242176, 0.02352484203147481, -0.01796733950011486, -0.01554602128758994, 0.0022061584471369895, -0.024402045722448966, 0.0011773480761653016, 0.026188439411518282",0.0591055341,0.1939850626,1532096673.98,11.5099999905,0
1532096674781980000,"0.9944833680971247, -0.10489437820111602, -0.0, -0.0, 0.0, 0.0, -5.225398130961183e-05, -5.511554093149161e-06","1.0, 0.0, 0.0, 0.0, 0.0, 0.37332763918638234, 0.0, 0.10335913918638232","1.0, 0.0, 0.0, 0.0, -1.6040601807633392e-05, -0.0013445544288537836, -0.000567634708285849, 0.0008603970721636212","0.9996133000152669, 0.018292428063945987, 0.020632123713088195, 0.0033173926903427133, -0.007012296733775306, 0.36728954633050986, -0.00106723247018487, 0.09434721041944785","-1.0910438353835006, -0.7340098070031704, 0.41762626950180387, 1.3015826985207735, -0.3581845139712441, 1.1152040327926958, 0.2024854640008746","0.9683253723526675, -0.8114758367913839, -0.2880048929254864, 1.4220001903697785, 0.31254858553165304, 1.113286556807839, -0.126936910197518","-0.009622557361564974, -0.023235811376351747, 0.005154600088527982, 0.004271889482829683, 0.012088470005576323, 0.008528835220659396, -0.009538303051317488, 0.026236408811309456, -0.016507712785455805, -0.017670521025791565, 0.0005224057416548921, -0.026934024078852307, 0.0028122443326996562, 0.028083243480941586",0.0579576408,0.2102024128,1532096674.78,12.3099999428,0
1532096675589530000,"0.9936095785785947, -0.11287163220609306, -0.0, -0.0, 0.0, 0.0, -5.6194921606442546e-05, -6.3836064588732195e-06","1.0, 0.0, 0.0, 0.0, 0.0, 0.37389320259094244, 0.0, 0.1039247025909424","1.0, 0.0, 0.0, 0.0, 2.119304929824005e-05, -0.00020532917562149366, -0.000634268480903988, 0.002604223520749238","0.9995748015087024, 0.01958139051697963, 0.021127171840362828, 0.004298499817936501, -0.007586375416284764, 0.36730093231990407, -0.0011229327471558414, 0.09645483740163141","-1.0856749026259016, -0.7405292253516835, 0.41455830792603304, 1.3015826985207735, -0.36355344672884304, 1.1171215087775526, 0.20708740636453085","0.9683253723526675, -0.8145437983671547, -0.28838838812245776, 1.4231506759606927, 0.31408256631953846, 1.1167380135805811, -0.13000487177328882","-0.01101876517396944, -0.021991586201249132, 0.005891241671387562, 0.00224624097992986, 0.013542458391731745, 0.009256106419605413, -0.009978175759794029, 0.028472623700882112, -0.014539100961415648, -0.019933278111351444, 0.0009345579145482916, -0.029963962602357064, 0.000498630278442921, 0.03062096715563281",0.0608522797,0.2262894999,1532096675.59,13.1199998856,0
1532096676401950000,"0.9926657397605019, -0.12089139384478784, -0.0, -0.0, 0.0, 0.0, -6.014949516077348e-05, -7.325281832332219e-06","1.0, 0.0, 0.0, 0.0, 0.0, 0.3744991416573525, 0.0, 0.10453064165735246","0.9994414169035001, -0.03197908953206401, 0.0036155006934792877, -0.00879192067506252, -1.984303459626885e-05, -0.000555569089064234, -0.0007872818014985762, -0.000558669152396718","0.9997824782370007, 0.006770216170320346, 0.019657049986759646, -0.0008968423302928168, -0.00239889045913164, 0.3679350622963903, -0.00023389236750848857, 0.09815953507651702","-1.0810729602622453, -0.7412962157456262, 0.41072335595631954, 1.301966193717745, -0.36777189389552795, 1.1159710231866384, 0.2109223583342444","0.9652574107768966, -0.8264321494732667, -0.28608741694062967, 1.4262186375364634, 0.31676703269833795, 1.1190389847624094, -0.13077186216723152","-0.03311714741598358, 0.012266695224697217, 0.018269573989690938, -0.01597282179007776, 0.030141289200830236, 0.007929660973904639, -0.027145262070781696, 0.007007679555897411, 0.004497415497009946, -0.007121934887170866, -0.022366460944419783, -0.009281027289210465, 0.014552307207762794, -0.002342985221449578",0.0451499709,0.179466308,1532096676.4,13.9300000668,0
1532096677209750000,"0.9916507209270227, -0.12895288940119276, -0.0, -0.0, 0.0, 0.0, -6.411665500788935e-05, -8.337641215323885e-06","1.0, 0.0, 0.0, 0.0, 0.0, 0.3751457065582276, 0.0, 0.10517720655822754","0.9992219280381673, -0.038204189570190214, 0.003732481519378719, -0.008844428126352786, -7.224583074488117e-06, -0.0002422336612554199, -0.0012601499216555404, -0.00030167099219859106","0.9997828979956549, 0.00758837078050402, 0.019334033166062508, -0.0009008561961682869, -0.0026987515054161036, 0.3683241094880084, -0.00039051703264825904, 0.09908800123538157","-1.07953897947436, -0.7412962157456262, 0.40957287036540546, 1.2973642513540886, -0.3712233506682701, 1.1201894703533233, 0.2116893487281871","0.9606554684132403, -0.8260486542762953, -0.2834029505618302, 1.4254516471425207, 0.32328645104685094, 1.119805975156352, -0.1365242901218018","-0.0337990283152442, 0.01318173961306431, 0.018496423342698944, -0.017111005002206556, 0.030569246196239783, 0.008689343115924772, -0.027400042206450897, 0.0075353028643089445, 0.0052136059212015, -0.007593487165606821, -0.02294022932402553, -0.009788983043746941, 0.014473071559906283, -0.001963258373191553",0.0453062248,0.1832602276,1532096677.21,14.7400000095,0
1532096678011270000,"0.9905771733500773, -0.1369556995446735, -0.0, -0.0, 0.0, 0.0, -6.804645942648807e-05, -9.408000409271885e-06","1.0, 0.0, 0.0, 0.0, 0.0, 0.375832644045353, 0.0, 0.10586414404535294","0.999079043716082, -0.04220550194386376, 0.0016977674456629666, -0.007284040029228042, 1.0583413979678435e-05, 8.283365809858001e-05, -0.00032000026910034625, 0.000897077025161036","0.999766571098882, 0.008601313867066562, 0.01969397452908904, -0.0017355735299869866, -0.0029851466949696016, 0.3687859799691532, -0.0007781263179908744, 0.09925807531003483","-1.0783884938834458, -0.7401457301547121, 0.4084223847744914, 1.2919953185964896, -0.3723738362591842, 1.1228739367321228, 0.2109223583342444","0.9529855644738133, -0.8210632167156677, -0.2807184841830307, 1.4239176663546353, 0.3286553838044499, 1.1201894703533233, -0.14150972768242942","-0.03422343186643773, 0.013095741578444089, 0.019491507096085672, -0.018503776745567174, 0.03132989788906182, 0.009885516515204418, -0.028185844328749127, 0.007899205059627714, 0.005295281012103232, -0.007914305667970165, -0.023254042355851913, -0.010184660144534955, 0.015256784469378233, -0.0018893008614037036",0.0469024181,0.1909709226,1532096678.01,15.5399999619,0
1532096678819770000,"0.989447215578121, -0.14489378035203368, -0.0, -0.0, 0.0, 0.0, -7.19355924959393e-05, -1.0534184921132956e-05","1.0, 0.0, 0.0, 0.0, 0.0, 0.37655967214107516, 0.0, 0.10659117214107514","0.9987987010305499, -0.0484405123187669, 0.0022094483225633876, -0.00678025605988516, -1.8201010824770575e-05, -0.0004239377323245752, -0.00032779270487112494, 0.00024075402454834527","0.9997688700117906, 0.010229096767307804, 0.018742398321878604, -0.002083269658497707, -0.0035613359621050867, 0.3697451496961349, -0.0007150934017205336, 0.09995994455039703","-1.076471017898589, -0.7393787397607694, 0.406888403986606, 1.2873933762328336, -0.37429131224404094, 1.125174907913951, 0.21130585353121575","0.9460826509283289, -0.8187622455338396, -0.2768835322133172, 1.4177817432030937, 0.336325287743877, 1.1228739367321228, -0.14687866044002837","-0.03390760296159883, 0.01174798334349255, 0.019591555246407415, -0.017047498074825206, 0.03130338688911795, 0.009801187463916427, -0.028694786649019054, 0.007861144371756138, 0.0031330569481175397, -0.00767793410660468, -0.02148987825319322, -0.010400720672533753, 0.015022785955167385, -0.001518431476372156",0.0464741174,0.1944542267,1532096678.82,16.3499999046,0
1532096679631670000,"0.9882435073528376, -0.15288809690411467, -0.0, -0.0, 0.0, 0.0, -7.584278320103996e-05, -1.1733402447114052e-05","1.0, 0.0, 0.0, 0.0, 0.0, 0.3773271224975586, 0.0, 0.10735862249755859","0.9984718067531023, -0.05455178040437661, 0.003403497473477724, -0.007921699500426312, -1.0732171066347995e-05, -0.0002902756804895046, -0.0007788808669457068, 0.0003115954954956146","0.999746220564799, 0.01108017403804292, 0.01950222045983346, -0.0015599840024071061, -0.003914519407932368, 0.3697521481104493, -0.0013432229362320687, 0.10076791718724849","-1.075320532307675, -0.7374612637759127, 0.4049709280017492, 1.2827914338691773, -0.37735927381981177, 1.13054384067155, 0.2109223583342444","0.9395632325798159, -0.8160777791550401, -0.2726650850466323, 1.4150972768242942, 0.3416942205014759, 1.1244079175200083, -0.15454856437945544","-0.03527090909377184, 0.01586967812383379, 0.020441488691472352, -0.021126870429911154, 0.03248539157443661, 0.011629447798315345, -0.028326962080162717, 0.008834912528171621, 0.006658424815962838, -0.008266046801508881, -0.025658809845674972, -0.010665647567603406, 0.01618728943389318, -0.0020563109953784346",0.0489919538,0.1986111378,1532096679.63,17.1600000858,0
1532096680440490000,"0.9869696382297349, -0.1609065977909739, -0.0, -0.0, 0.0, 0.0, -7.975166282786127e-05, -1.3001989358883426e-05","1.0, 0.0, 0.0, 0.0, 0.0, 0.3781351682543755, 0.0, 0.10816666825437546","0.9982130830594816, -0.05927731844769613, 0.0024635704002789536, -0.006852512358769231, -3.0589619988072303e-06, -0.00011598171740662133, 0.0003226946357731678, 0.0006737047699218734","0.999756891746777, 0.012226707079750931, 0.01821775749675083, -0.0016810102459204283, -0.004339892861636633, 0.3708305159885183, -0.0013848418920852361, 0.10111156907747584","-1.071869075534933, -0.7374612637759127, 0.4034369472138638, 1.2774225011115783, -0.37850975941072584, 1.1320778214594354, 0.21130585353121575","0.9326603190343316, -0.8130098175792693, -0.26959712347086146, 1.410495334460638, 0.3474466484560462, 1.1255584031109223, -0.1599174971370544","-0.03392155599132068, 0.014774522066214539, 0.021047948158699044, -0.021696221012268358, 0.032322642277453885, 0.013039916155067055, -0.02786436137286264, 0.009594371179490462, 0.004321159304429688, -0.008197362421803103, -0.022777163907248224, -0.011419071411541387, 0.01592919140036389, -0.001096856372846608",0.0477881697,0.2051501488,1532096680.44,17.9700000286,0
1532096681239730000,"0.9856358408110448, -0.16888454431564953, -0.0, -0.0, 0.0, 0.0, -8.363014023637e-05, -1.4329671811904899e-05","1.0, 0.0, 0.0, 0.0, 0.0, 0.37898365749120716, 0.0, 0.10901515749120712","0.9977702685866324, -0.0663123981836435, 0.004360102045049562, -0.00585934707753488, -7.330059407149522e-05, -0.0010596598049094075, -0.00024556233430561136, -0.000672301417849519","0.9997259090482639, 0.014094114371173383, 0.01851126407470768, -0.0022007124303082986, -0.004983974021830304, 0.37120132860466626, -0.001325661638595346, 0.10206074391204231","-1.0714855803379615, -0.7359272829880272, 0.40228646162294973, 1.2755050251267215, -0.38119422578952533, 1.135145783035206, 0.21130585353121575","0.9261409006858186, -0.8114758367913839, -0.26576217150114795, 1.406276887293953, 0.35626703798638737, 1.1286263646866932, -0.16490293469768197","-0.03547655491111329, 0.014988083576808375, 0.02134800922605129, -0.020900259775944324, 0.03308347657230878, 0.012689808137634272, -0.029681747542282935, 0.008667186996040306, 0.0037668020281869568, -0.007901092872944725, -0.02446678716687667, -0.010811692856057998, 0.016797859139826465, -0.002020367394430008",0.0507283712,0.2072353651,1532096681.24,18.7699999809,0
1532096682049820000,"0.9842546455042822, -0.1767563090903397, -0.0, -0.0, 0.0, 0.0, -8.74460490964727e-05, -1.5703904424963065e-05","1.0, 0.0, 0.0, 0.0, 0.0, 0.3798721069335938, 0.0, 0.10990360693359374","0.9973984563668552, -0.07170262653826433, 0.002391358369438474, -0.006746937813843022, -3.996268770074807e-05, -0.0005349759921868258, -6.263911115580653e-05, -0.0002444563531645433","0.9997026163926513, 0.015292023939359448, 0.018770651492341927, -0.0025579239060352153, -0.005386654232700785, 0.3714772236761742, -0.0017257855468067584, 0.10289287639861196","-1.0699515995500761, -0.7351602925940846, 0.39998549044112164, 1.2693691019751798, -0.38234471138043935, 1.1385972398079482, 0.21130585353121575","0.9177040063524488, -0.8087913704125844, -0.26039323874354897, 1.4032089257181821, 0.3601019899561009, 1.1324613166564066, -0.17065536265225228","-0.036385418778780446, 0.01666814862493148, 0.021967097903451475, -0.02316578895770502, 0.034128361697725346, 0.01340328383390129, -0.029883143429765512, 0.00884462311512936, 0.005229196788175753, -0.008154566655445285, -0.02672324234673777, -0.010961529657693852, 0.018254463058174835, -0.0029539824746361645",0.0530175309,0.2123677367,1532096682.05,19.5799999237,0
1532096682863370000,"0.9827904605696285, -0.18472387667363846, -0.0, -0.0, 0.0, 0.0, -9.129676032902011e-05, -1.716000731829022e-05","1.0, 0.0, 0.0, 0.0, 0.0, 0.3808010614156723, 0.0, 0.1108325614156723","0.9970160158145006, -0.07684040201998515, 0.002151474400593808, -0.006795590159169763, -3.0160089650455024e-05, -0.0004136155688568288, 6.743638878755937e-05, 0.0002733216384955134","0.9997075157228765, 0.01634215622588585, 0.017622073058869082, -0.0023086731231585465, -0.005818788165919638, 0.37261246281364924, -0.0019233757696786266, 0.10322420546290717","-1.0676506283682479, -0.7336263118061991, 0.39883500485020756, 1.2616991980357528, -0.3846456825622675, 1.1420486965806906, 0.2109223583342444","0.9115680832009071, -0.8038059328519568, -0.25655828677383546, 1.3959225169757266, 0.3658544179106712, 1.1339952974442922, -0.17602429540985123","-0.035106337818175834, 0.016554253640360284, 0.022604960215310756, -0.024911179582644813, 0.03389183928774825, 0.015548612805394352, -0.028914970013832794, 0.01033408421818371, 0.003653524946078416, -0.007984382139757192, -0.02435525121588079, -0.011753439720217423, 0.017935133175027006, -0.0018335727859054747",0.0524199775,0.2182468799,1532096682.86,20.3899998665,0
1532096683670910000,"0.9812552414678849, -0.19271261269518122, -0.0, -0.0, 0.0, 0.0, -9.514536921835394e-05, -1.868597681117891e-05","1.0, 0.0, 0.0, 0.0, 0.0, 0.3817706905722618, 0.0, 0.1118021905722618","0.9965189228215285, -0.0831734201635475, 0.0015595291231910527, -0.005096821698586204, -3.463406141859804e-05, -0.00043073352929179354, 0.0006401358516908489, 0.0004533008750857853","0.9996498878407873, 0.018094040134133144, 0.019078320598081858, -0.002602926521294078, -0.0064357266462645646, 0.3725789825894234, -0.0019271295856486972, 0.10419781185078437","-1.0657331523833913, -0.7332428166092277, 0.3976845192592935, 1.2593982268539248, -0.3861796633501529, 1.1462671437473755, 0.21053886313727305","0.9038981792614801, -0.7999709808822433, -0.25233983960715056, 1.3940050409908697, 0.37314082665312687, 1.1374467542170343, -0.18139322816745018","-0.009218308598555346, -0.012740278635562485, 0.008143570582517285, -0.010786590061513342, 0.013644787527771067, 0.015119885016694232, -0.005611852650184889, 0.02864657738611058, -0.01121311288406963, -0.017947815619718054, -0.0045330419061858085, -0.02983823137823783, 0.004912709881309382, 0.02415555480481953",0.0575167767,0.221608184,1532096683.67,21.2000000477,0
1532096684479450000,"0.9796669195053997, -0.20063082222530151, -0.0, -0.0, 0.0, 0.0, -9.894723732980517e-05, -2.0263892948864074e-05","1.0, 0.0, 0.0, 0.0, 0.0, 0.3827806995391846, 0.0, 0.11281219953918456","0.9958673968112062, -0.09064780756416049, 0.003404953383793796, -0.003962497163260617, -7.659153040233402e-05, -0.0008113044018971949, 0.0007942275360554702, -6.999365027529625e-06","0.9996929205381325, 0.01670966321631315, 0.01820855030918627, -0.0011629611918720286, -0.00607602093690761, 0.37341888833748704, -0.0023876687222120726, 0.10496718365628793","-1.058830238837907, -0.7332428166092277, 0.39308257689563725, 1.259781722050896, -0.39384956728958, 1.1462671437473755, 0.21360682471304387","0.9000632272917665, -0.7988204952913293, -0.24888838283440837, 1.386718632248414, 0.375441797834955, 1.140514715792805, -0.1836941993492783","-0.03520172440521272, 0.021363343514595266, 0.023570342650951936, -0.030391532652985113, 0.034384011593379275, 0.018353240319064733, -0.027849488808823458, 0.011735824868085075, 0.007868466127376142, -0.008933473298545842, -0.030392563749076097, -0.012039794148664622, 0.02038268021091788, -0.002001651086905122",0.0545009974,0.2227473517,1532096684.48,22.0099999905,0
1532096685289770000,"0.9780127091037072, -0.20854529683411113, -0.0, -0.0, 0.0, 0.0, -0.00010273403255245727, -2.1906360841928067e-05","1.0, 0.0, 0.0, 0.0, 0.0, 0.3838311361193657, 0.0, 0.11386263611936569","0.9953214126633145, -0.09651151419494358, 0.000613184034639132, -0.004077806650961375, 5.300467724111968e-05, 0.000530863271957116, 0.0003337495578713918, 0.000423492840800635","0.9996824467744502, 0.018735632874205977, 0.016698753758663157, -0.0017839344765476738, -0.006793924919779957, 0.37431236378879695, -0.0019087999202775144, 0.10613448187840929","-1.0572962580500214, -0.7336263118061991, 0.3926990816986659, 1.2494273517326695, -0.39461655768352266, 1.1508690861110316, 0.2132233295160725","0.896228275322053, -0.7999709808822433, -0.24658741165258025, 1.3874856226423566, 0.38387869216832476, 1.1428156869746333, -0.18906313210687725","-0.009903884463897407, -0.010227371755529987, 0.008468898322000316, -0.014142777470955815, 0.013915770157089436, 0.017295942010346434, -0.0050080435057266465, 0.029682808487459172, -0.00895978672612931, -0.019074478245838175, -0.007063680359984026, -0.030639131653669504, 0.0072140598032773085, 0.024580429305236136",0.0553365056,0.2270373304,1532096685.29,22.8199999332,0
1532096686100690000,"0.9762907826731057, -0.21646317854899652, -0.0, -0.0, 0.0, 0.0, -0.00010650858611465901, -2.3615082209434562e-05","1.0, 0.0, 0.0, 0.0, 0.0, 0.38492208758592605, 0.0, 0.11495358758592605","0.9946239867819555, -0.10347342895591359, 0.001818578214550967, -0.003042972141367337, -3.935771783993708e-05, -0.00036335295804545975, 0.0011991067457972023, 0.00020766396702286138","0.99972426067526, 0.017255282053047515, 0.015809404966632364, -0.0013311658736558625, -0.006296584314273642, 0.37525077222842934, -0.0023782130440176837, 0.10713291767187358","-1.050393344504537, -0.7347767973971132, 0.3877136441380383, 1.2494273517326695, -0.4011359760320357, 1.1516360765049745, 0.2174417766827574","0.8904758473674826, -0.7984370000943578, -0.24313595487983808, 1.3782817379150443, 0.38502917775923884, 1.1478011245352608, -0.1902136176977913","-0.03365605678518594, 0.02092073358985728, 0.023601781558286825, -0.032025230360798615, 0.0339056076547111, 0.020101471165686995, -0.026604088966108396, 0.01308045897323668, 0.006610079098144827, -0.009345971942834319, -0.02905598493268533, -0.013245086087540353, 0.02082825193488017, -0.0009384521437829536",0.052307501,0.2292197956,1532096686.1,23.629999876,0
1532096686909800000,"0.9745035375378528, -0.22437213580614418, -0.0, -0.0, 0.0, 0.0, -0.00011026444038081062, -2.5387560987433294e-05","1.0, 0.0, 0.0, 0.0, 0.0, 0.3860535810709, 0.0, 0.11608508107089996","0.9939698411945079, -0.10958480106140855, 0.0021449985367881555, -0.0025911540929297906, 2.5797973113833583e-05, 0.00024473794004731264, 0.0006787680964165125, 0.00010759890395335703","0.9996791762579773, 0.018465869734887373, 0.017275437317666353, -0.00040599313258886393, -0.0068400409434507155, 0.37493727323756026, -0.002409424497925967, 0.10855476365670359","-1.0488593637166517, -0.7347767973971132, 0.387330148941067, 1.2471263805508415, -0.40382044241083515, 1.1573885044595447, 0.21629129109184334","0.8866408953977691, -0.7980535048973865, -0.23930100291012454, 1.3782817379150443, 0.3903981105168378, 1.1516360765049745, -0.19481556006144754","-0.010409423260735426, -0.008287691095895899, 0.009073066346642216, -0.0171374263163984, 0.014860595102053335, 0.018677691415977492, -0.0042307155402707235, 0.030691746603101158, -0.006336812352376205, -0.019902904255705584, -0.01227925256286811, -0.031147914430981655, 0.009301796876076192, 0.024749302528544143",0.0569782973,0.2331203191,1532096686.91,24.4400000572,0
1532096687711130000,"0.9726560215445583, -0.23225043326786646, -0.0, -0.0, 0.0, 0.0, -0.00011399078483853644, -2.721867605903822e-05","1.0, 0.0, 0.0, 0.0, 0.0, 0.3872255347967148, 0.0, 0.11725703479671477","0.993218309907842, -0.11620904823273419, 0.0014289183567432894, -0.002645054079676379, -3.675350856927051e-05, -0.0003045129244044764, 0.0014876885896563706, 0.0003813475867930488","0.9997403717644986, 0.017342322797596142, 0.014671320781915121, -0.001112136391801321, -0.0063733952084627414, 0.3764597114725437, -0.0024232467089048866, 0.10915307927341573","-1.0419564501711673, -0.7355437877910559, 0.38234471138043935, 1.2425244381871852, -0.40957287036540546, 1.1570050092625732, 0.222427214243385","0.8816554578371415, -0.7965195241095011, -0.23700003172829642, 1.3698448435816746, 0.39346607209260864, 1.1547040380807452, -0.19634954084933295","-0.032902324897540025, 0.022290599629240203, 0.02381861019921889, -0.03580273169591068, 0.033810459870002536, 0.022792773454587828, -0.025049027311431483, 0.014626977863710412, 0.007701716622493294, -0.00999191873309606, -0.03159943752189766, -0.01429493567348511, 0.022582819682181718, -0.0008159289366448559",0.0520942168,0.2359680337,1532096687.71,25.2400000095,0
1532096688519650000,"0.9707637175866284, -0.24003709008690488, -0.0, -0.0, 0.0, 0.0, -0.00011765853224117267, -2.909298235133833e-05","1.0, 0.0, 0.0, 0.0, 0.0, 0.3884375550866127, 0.0, 0.11846905508661269","0.9923918844375746, -0.12306856426770825, -0.0009735767736028711, -0.0027789263524065798, 0.00011925603676112007, 0.0009212562433819071, 0.0007063888048705769, 0.0015413564735128615","0.9997526738602528, 0.018082968548706682, 0.012800127831781551, -0.001343601103986597, -0.0066560103171357885, 0.3778127738863376, -0.002297076370781833, 0.11030768288613449","-1.0392719837923678, -0.7347767973971132, 0.38119422578952533, 1.2294856014901592, -0.41379131753209036, 1.1631409324141149, 0.222427214243385","0.8782040010643993, -0.795369038518587, -0.23431556534949696, 1.3663933868089322, 0.400368985638093, 1.1573885044595447, -0.2001844928190465","-0.032180233028619054, 0.02090829803204192, 0.023577115533220328, -0.036610722671268504, 0.03317724967851195, 0.024086735405653904, -0.024552947413169355, 0.015220291332849668, 0.005625384451149143, -0.009836104086018147, -0.028107104176576945, -0.014858289449737367, 0.021787940015966765, 0.00014606101755703163",0.0509871222,0.2381822516,1532096688.52,26.0499999523,0
1532096689331440000,"0.9687913841185447, -0.24787749808660386, -0.0, -0.0, 0.0, 0.0, -0.00012133567763647532, -3.104526391771868e-05","1.0, 0.0, 0.0, 0.0, 0.0, 0.38968999890089034, 0.0, 0.11972149890089034","0.9914546566646021, -0.13039092082723858, 0.0020527499606680147, -0.0028019452524099386, -1.5501183850477607e-05, -0.00011286321726755588, 0.00041708553934664393, 7.27316991507021e-05","0.9996953519577765, 0.019696658404545254, 0.014793322841039689, -0.0006739301900276469, -0.0073270132920791545, 0.37751747169430266, -0.002423388451949105, 0.11158660534983636","-1.0369710126105396, -0.7332428166092277, 0.37850975941072584, 1.2302525918841019, -0.4157087935169471, 1.1677428747777712, 0.22204371904641365","0.8716845827158863, -0.7915340865488735, -0.22933012778886935, 1.3594904732634479, 0.40727189918357737, 1.1635244276110863, -0.20555342557664544","-0.034633473117871, 0.025443560509523927, 0.024370323531871983, -0.04015116506070527, 0.03477966146623871, 0.025041705402038664, -0.025426035951489206, 0.01433154153427495, 0.009220970517814902, -0.009763250779542263, -0.035560228196610144, -0.013805972633585364, 0.02437351696450018, -0.0025860521611986466",0.0567806521,0.2395834386,1532096689.33,26.8599998951,0
1532096690140340000,"0.966747351436713, -0.25573337382926864, -0.0, -0.0, 0.0, 0.0, -0.00012500344224000806, -3.306712139092123e-05","1.0, 0.0, 0.0, 0.0, 0.0, 0.3909830300331116, 0.0, 0.12101453003311156","0.9906207650778223, -0.13661624570285405, -0.00025088071498533817, -0.0016236165604408847, 8.928260120825982e-05, 0.0006295481754308163, 0.0013961682318791432, 0.0012862758777748978","0.9996775344540614, 0.020894120870837366, 0.014363659896879695, -5.23180961835238e-05, -0.00786958089571464, 0.37858204959807684, -0.002592242717618501, 0.11204123390172732","-1.0331360606408262, -0.7317088358213424, 0.3777427690167831, 1.2221991927477034, -0.4191602502896893, 1.1711943315505133, 0.22166022384944228","0.8640146787764593, -0.7838641826094465, -0.22434469022824177, 1.3514370741270496, 0.41302432713814763, 1.1673593795808, -0.2109223583342444","-0.00967433591829323, -0.006512684698499067, 0.009071702186999594, -0.022856507662067233, 0.01422287357607099, 0.02354600658624892, -0.001028989771966568, 0.03299888667951232, -0.0016079987910224281, -0.02190968241265627, -0.019390214759101358, -0.0331003853954288, 0.014727505629964912, 0.024107270319713728",0.0584010697,0.2432121723,1532096690.14,27.6700000763,0
1532096690951620000,"0.9646468634218837, -0.2635458762536831, -0.0, -0.0, 0.0, 0.0, -0.00012863382428721036, -3.5143341281781324e-05","1.0, 0.0, 0.0, 0.0, 0.0, 0.39231651101112364, 0.0, 0.12234801101112365","0.9895122829852311, -0.1444195021643615, 0.0009747857318649833, -0.0019227662946329712, -2.9779127014253892e-05, -0.00020532494176439542, 0.001782930497550894, 0.001000687982497278","0.9996782823334596, 0.020350471878187035, 0.015074281538876848, -0.00011036039482684081, -0.00766034398915348, 0.378803434138625, -0.0025509493817954384, 0.1132234393172269","-1.026616642292313, -0.7309418454273996, 0.3727573314561555, 1.2210487071567893, -0.42452918304728826, 1.1746457883232555, 0.2266456614100699","0.8586457460188603, -0.7807962210336756, -0.22012624306155687, 1.3441506653845938, 0.41647578391088985, 1.172728312338399, -0.21283983431910117","-0.009734074846091756, -0.0056667711060984826, 0.009292059625693076, -0.024576656406738926, 0.014499125313460367, 0.024347418366916583, -0.0004370655167838522, 0.03294541907078666, -2.9748803688646464e-05, -0.02182291084983796, -0.023249969642171762, -0.03292659194432019, 0.016367827484065667, 0.022649529469242827",0.0595285498,0.2436470538,1532096690.95,28.4800000191,0
1532096691760600000,"0.9624770725773858, -0.27136301288654935, -0.0, -0.0, 0.0, 0.0, -0.00013224863296656757, -3.728648558436156e-05","1.0, 0.0, 0.0, 0.0, 0.0, 0.3936905555129051, 0.0, 0.12372205551290512","0.9886750039426025, -0.15003156852447333, -0.001799347603161657, -0.002285909637204069, 9.175669125839614e-05, 0.0005560000715217339, 0.0017881469396512162, 0.0017859351416009833","0.9997228196442628, 0.018985172658065628, 0.013838954886912206, -0.0006206568542037644, -0.007106634746334771, 0.37971419230759057, -0.0024017701490403427, 0.11445388167139578","-1.0204807191407714, -0.7309418454273996, 0.3685388842894706, 1.212995308020391, -0.4298981158048872, 1.1777137498990264, 0.23086410857675477","0.8578787556249177, -0.7819467066245896, -0.22012624306155687, 1.3406992086118517, 0.4183932598957466, 1.1780972450959977, -0.2124563391221298","-0.03266755719945372, 0.026611847810175813, 0.024468670724480668, -0.046766589067633466, 0.03410837673267718, 0.029425960293512694, -0.021908443538598624, 0.016233201174152556, 0.011532197823207876, -0.010691036511654033, -0.04016577713975329, -0.015219773820527785, 0.027904275442364082, -0.0035578821162593095",0.0569756582,0.2485733454,1532096691.76,29.2899999619,0
1532096692559960000,"0.9602501193296231, -0.2791410187117699, -0.0, -0.0, 0.0, 0.0, -0.00013582711705803998, -3.948442084103415e-05","1.0, 0.0, 0.0, 0.0, 0.0, 0.395105052781105, 0.0, 0.12513655278110503","0.9874184514675793, -0.15809859984203897, 0.0016623743440436108, -0.0017517792056809065, -3.936416882489857e-06, -1.5531874689944658e-05, 0.0011954374078169388, 0.0003173581772161066","0.9997203956736496, 0.01995504715420502, 0.012606597134264421, 0.0002348332089424438, -0.007601089495001627, 0.3808815533467794, -0.002286233769675376, 0.11615251736709924","-1.016645767171058, -0.7301748550334569, 0.36662140830461387, 1.2068593848688494, -0.4341165629715721, 1.1842331682475393, 0.23048061337978343","0.854043803655204, -0.782330201821561, -0.2166747862888147, 1.3318788190815105, 0.4260631638351737, 1.1834661778535966, -0.215907795894872","-0.0324631769921518, 0.02802695260045337, 0.02442569212665621, -0.047810020757551926, 0.033962046222207, 0.030424779866280578, -0.021306900357920273, 0.016434101915637926, 0.011101160050210357, -0.010515236508837239, -0.04062291954637092, -0.01517580751948388, 0.0278340657032652, -0.003414741094963831",0.0573161724,0.2483604457,1532096692.56,30.0899999142,0
1532096693369740000,"0.957988285389297, -0.2868073308980697, -0.0, -0.0, 0.0, 0.0, -0.00013933579722199695, -4.171504882604705e-05","1.0, 0.0, 0.0, 0.0, 0.0, 0.3965595152139664, 0.0, 0.12659101521396635","0.9863802608274248, -0.1644644757381052, -0.0003996199725654726, -0.0012077550365825356, 3.471523883570582e-05, 0.0001990212458284346, 0.002012107004188186, 0.0005849061393632671","0.9996841497475195, 0.022117922179588093, 0.011839664747104782, -0.000525908042365725, -0.008367429788318519, 0.38201369073970964, -0.0019352881096462342, 0.11722389170416266","-1.013577805595287, -0.7290243694425429, 0.3654709227136998, 1.1965050145506226, -0.4348835533655148, 1.1896021010051383, 0.23048061337978343","0.8456069093218344, -0.7777282594579048, -0.21130585353121575, 1.3242089151420835, 0.432966077380658, 1.189218605808167, -0.21974274786458553","-0.009884862571584113, -0.001395771029868569, 0.009549355863165358, -0.030927137075281757, 0.014259639729865365, 0.027807376922143176, 0.0014213242469605543, 0.03432449626090122, 0.004541786504438374, -0.02330734009829605, -0.029315733154716105, -0.03453553464356991, 0.020591965574104164, 0.020978296586578807",0.060272611,0.251437252,1532096693.37,30.8999998569,0
1532096694183360000,"0.9556344050878509, -0.2945554002431279, -0.0, -0.0, 0.0, 0.0, -0.00014286268238951707, -4.403459562256193e-05","1.0, 0.0, 0.0, 0.0, 0.0, 0.39805446643829345, 0.0, 0.12808596643829342","0.9849330058906802, -0.17291174713505308, 0.0012899588804329675, -0.0017437399251393935, -8.697184303949057e-05, -0.000494129811937416, 0.0012330115766233532, 0.0007856358130413077","0.9997159502817422, 0.02033878979140365, 0.012337060096564718, 0.00045666689700797744, -0.0078107170182643935, 0.3825608633256491, -0.0021442943661653317, 0.11852773544888627","-1.0066748920498028, -0.7274903886546574, 0.3601019899561009, 1.1938205481718231, -0.44332044769888457, 1.1942040433687946, 0.23431556534949696","0.8436894333369775, -0.7731263170942485, -0.20785439675847356, 1.3127040592329429, 0.43526704856248616, 1.19573802415668, -0.21935925266761416","-0.03190825026438596, 0.029239826851829676, 0.02432207372090449, -0.05146562413985448, 0.03360169879694731, 0.03283378067390856, -0.01957146427705873, 0.016880057625392967, 0.013070343693997101, -0.010644691584506889, -0.04513492896602384, -0.015322691784186238, 0.030147343168937878, -0.00510959763137701",0.0592368133,0.2504989896,1532096694.18,31.7100000381,0
1532096694990260000,"0.9532082935849834, -0.30231432159393995, -0.0, -0.0, 0.0, 0.0, -0.00014637449915216804, -4.642333444604592e-05","1.0, 0.0, 0.0, 0.0, 0.0, 0.39959006469249725, 0.0, 0.12962156469249722","0.9838388884823884, -0.17901748723333757, -0.0017173367206157679, -0.002652788420264745, 7.78312005380033e-05, 0.000400006811576592, 0.0012655736595864244, 0.0010523762099704653","0.9997037571947439, 0.02179842352778357, 0.01072800373073588, -0.00044127054209939067, -0.008294748352362232, 0.3837940832549937, -0.0019607395500638287, 0.11960929898048175","-1.0039904256710033, -0.7251894174728294, 0.3581845139712441, 1.1800147210808545, -0.4452379236837413, 1.1991894809294221, 0.2346990605464683","0.83870399577635, -0.7712088411093918, -0.2059369207736168, 1.307335126475344, 0.4425534573049419, 1.2014904521112504, -0.2239611950312704","-0.03172766441466904, 0.02813907156265808, 0.024442356095755548, -0.05262757963199081, 0.03365971363603132, 0.0339428953236928, -0.019348384383537472, 0.016594279771923893, 0.010664228042636711, -0.01019450648715986, -0.04332077422906186, -0.015441470149210336, 0.030995436472117745, -0.005994025051093317",0.0605769717,0.2543959335,1532096694.99,32.5199999809,0
1532096695802430000,"0.9507359790928005, -0.31000177105696347, -0.0, -0.0, 0.0, 0.0, -0.0001498335636785933, -4.885548788051748e-05","1.0, 0.0, 0.0, 0.0, 0.0, 0.4011660391688347, 0.0, 0.13119753916883464","0.9827214597215339, -0.18504151572254407, -0.002005249040821399, -0.0032182704968814414, 0.00014243235172416158, 0.0007097065217294696, 0.001885769656773239, 0.0015115945997219299","0.9996641324974543, 0.022679482020112482, 0.012451028582058953, 0.0005435362453661576, -0.00874405115205908, 0.38384537283892084, -0.0023972331346497414, 0.12059562994741099","-1.000538968898261, -0.7225049510940299, 0.35626703798638737, 1.1742622931262843, -0.4479223900625408, 1.2053254040809638, 0.2339320701525256","0.8318010822308656, -0.763922432366936, -0.2009514832129892, 1.2988982321419742, 0.44600491407768406, 1.2083933656567347, -0.228946632591898","-0.009919572424518113, 0.0005897074609821315, 0.009579363938523069, -0.03797192260857012, 0.014711962093259366, 0.031614402932908535, 0.004962833427999663, 0.03568688695487993, 0.008758089375748696, -0.024020803777998225, -0.03829116930450431, -0.03526285459101449, 0.02550698385493512, 0.01853295947128232",0.0650403462,0.2583536184,1532096695.8,33.3299999237,0
1532096696600850000,"0.9481869986240682, -0.3177127879709617, -0.0, -0.0, 0.0, 0.0, -0.00015328216279343214, -5.136086379373392e-05","1.0, 0.0, 0.0, 0.0, 0.0, 0.4027826207399368, 0.0, 0.1328141207399368","0.9810199076860715, -0.19388060810020455, 0.0007926889531190966, -0.002415643899356801, 5.2823682441457964e-05, 0.0002599482691945654, 0.001898590735931984, 0.0012117462636191817","0.9997205321445323, 0.021322733880073216, 0.009965826929943262, 0.0017161464880547667, -0.008413796146294233, 0.38581887003682463, -0.002424792935704807, 0.12172430338221252","-0.99171857936792, -0.7202039799122018, 0.35128160042575973, 1.1654419035959431, -0.4563592843959106, 1.2103108416415915, 0.23661653653132508","0.8287331206550947, -0.7612379659881365, -0.19711653124327566, 1.2850924050510053, 0.45022336124436896, 1.2126118128234196, -0.22933012778886935","-0.02908005224396829, 0.03158327947904025, 0.02442216619570333, -0.05959456546508826, 0.032574145452231626, 0.038566583110988845, -0.014251294711565847, 0.01888742518041416, 0.013472629815442344, -0.010660298215387502, -0.04790860158189558, -0.016203360976059088, 0.03304567504007116, -0.006003161199861759",0.0612884694,0.256523763,1532096696.6,34.129999876,0
1532096697411640000,"0.945619694665235, -0.3252743350792187, -0.0, -0.0, 0.0, 0.0, -0.00015664276532127182, -5.388199042627236e-05","1.0, 0.0, 0.0, 0.0, 0.0, 0.4044391298651695, 0.0, 0.13447062986516947","0.9798145131580549, -0.19986558695396825, -0.002607483358155473, -0.0025853432939032237, 0.00016494167093850098, 0.0007657263175990248, 0.0018174375989868322, 0.0014818012030496652","0.9996957249408963, 0.022464126718822846, 0.010074892605089732, 0.0006174765758497248, -0.008746130867706939, 0.3867015273901262, -0.0019301994541686745, 0.1230881943459584","-0.9886506177921491, -0.7167525231394596, 0.3497476196378743, 1.1524030668989171, -0.45904375077471005, 1.2168302599901044, 0.2373835269252678","0.8245146734884099, -0.757403014018423, -0.1944320648644762, 1.2774225011115783, 0.4555922940019679, 1.2214322023537607, -0.22933012778886935","-0.030378976795378758, 0.03141630684575819, 0.024661073383362406, -0.060957055309108804, 0.033279928518967064, 0.038907633026207505, -0.015373650788754923, 0.01781769469472445, 0.013072221145806875, -0.010461571448033261, -0.049383765590118416, -0.015905149586159184, 0.03474775781993521, -0.00824401657401946",0.0639408321,0.2603438961,1532096697.41,34.9400000572,0
1532096698221030000,"0.9429517692579474, -0.3329293631587737, -0.0, -0.0, 0.0, 0.0, -0.000160022907142613, -5.6499522353864755e-05","1.0, 0.0, 0.0, 0.0, 0.0, 0.40613617219924925, 0.0, 0.13616767219924922","0.9781338509675723, -0.2079430752696526, -0.00023009320646988362, -0.0031641354706398333, 4.7881358499576865e-05, 0.00021114291304197286, 0.0016477856865765566, 0.0008057577341216149","0.999682243348931, 0.0229858428033819, 0.010081027141712417, 0.0018715206979261231, -0.009116501734566376, 0.3874922397290669, -0.0026632025741897174, 0.12482737340558644","-0.9855826562163783, -0.7156020375485456, 0.3470631532590749, 1.1466506389443467, -0.4636456931383663, 1.2237331735355887, 0.23584954613738238","0.8179952551398969, -0.7528010716547668, -0.18983012250081996, 1.2636166740206096, 0.46057773156259546, 1.230636087081073, -0.23354857495555426","-0.009737412228264679, 0.004137841803161967, 0.009512316270658433, -0.04324744731307248, 0.01462421037839098, 0.03474570483746152, 0.008150340274898658, 0.03631674838852465, 0.013763505951293893, -0.024604731579390714, -0.0471556500164362, -0.03526251374258654, 0.030314742541570714, 0.015898651564975316",0.0658349223,0.2600081804,1532096698.22,35.75,0
1532096699033950000,"0.9402267676123006, -0.34054900596731275, -0.0, -0.0, 0.0, 0.0, -0.00016336475057398398, -5.917051644822837e-05","1.0, 0.0, 0.0, 0.0, 0.0, 0.4078736759185791, 0.0, 0.13790517591857906","0.9763182990243996, -0.21630533287486076, -0.0029330637080102317, -0.0014836898765416516, 0.0002452092393694649, 0.0010659698571268694, 0.0019029232521888956, 0.0021877264427673515","0.9996852096365033, 0.022736311111883206, 0.010286390178548916, 0.0021910082772786544, -0.009088308274530126, 0.3885028257743749, -0.002272864638144447, 0.12583513415353564","-0.9771457618830085, -0.7125340759727747, 0.3416942205014759, 1.1362962686261202, -0.46901462589596526, 1.2287186110962165, 0.23661653653132508","0.8141603031701834, -0.7462816533062537, -0.18522818013716372, 1.2559467700811826, 0.4651796739262517, 1.236005019838672, -0.2331650797585829","-0.010002950297012083, 0.004263052184454337, 0.009433421663377222, -0.04596360017418523, 0.01438810257143057, 0.036364149193698785, 0.008612798427354521, 0.035663411223533725, 0.015131939042917307, -0.024625364560771683, -0.04964409701556458, -0.03477255302107822, 0.03216715728662886, 0.014467224275148951",0.0668854929,0.2591350206,1532096699.03,36.5599999428,0
1532096699840460000,"0.9374263306072128, -0.3481836795203024, -0.0, -0.0, 0.0, 0.0, -0.0001666897959836893, -6.191277608609014e-05","1.0, 0.0, 0.0, 0.0, 0.0, 0.40965184013843536, 0.0, 0.13968334013843534","0.9746330794626815, -0.22377285075225922, -0.002137333292560738, -0.002779395766238426, 0.00022766075090151217, 0.0009526190511262578, 0.0015310361034384865, 0.0019583693703378036","0.9997064506756325, 0.021604080642856772, 0.010646713859652674, 0.002234222902928044, -0.008669521445218622, 0.38906106375784844, -0.002272364711331716, 0.1279474546278371","-0.9713933339284383, -0.7098496095939753, 0.3378592685317624, 1.1267088887018364, -0.47553404424447826, 1.2379224958235289, 0.23930100291012454","0.8126263223822979, -0.7458981581092824, -0.18407769454624964, 1.2471263805508415, 0.46824763550202253, 1.2452089045659847, -0.23278158456161155","-0.029622240669255492, 0.03791054679987293, 0.02434261141743199, -0.07161705217321315, 0.032972427530274274, 0.04339145675977965, -0.010385697359108662, 0.0192014504994123, 0.020598188640566742, -0.011229384784939744, -0.06144914873226112, -0.016070041599195894, 0.03905541490076234, -0.011342299632144035",0.0670318575,0.2600790752,1532096699.84,37.3699998856,0
1532096700639940000,"0.9345879510112555, -0.35573214898935274, -0.0, -0.0, 0.0, 0.0, -0.00016995357723177982, -6.468941868089722e-05","1.0, 0.0, 0.0, 0.0, 0.0, 0.41147032685279844, 0.0, 0.14150182685279844","0.9734290612936566, -0.2289436842712998, 0.002965201797666305, -0.0028435180149671336, -0.00017760423141297, -0.0007289527153513387, 0.0014741276635749055, -0.0005714449310673386","0.9997218330750132, 0.021951633230587707, 0.008249221857557444, 0.0020984524790271224, -0.00883539936860493, 0.3909298704719475, -0.0024112855570151406, 0.12927800342506074","-0.9687088675496388, -0.7063981528212331, 0.3359417925469056, 1.1171215087775526, -0.4786020058202491, 1.244441914172042, 0.2389175077131532","0.8087913704125844, -0.745514662912311, -0.18254371375836423, 1.230636087081073, 0.47323307306265017, 1.2524953133084402, -0.23239808936464018","-0.02841816328258818, 0.03739478322803684, 0.024393159170119198, -0.07101192465676895, 0.032712214906783776, 0.044603539942202314, -0.008934982891479842, 0.020509012822199038, 0.018526909459616298, -0.011334500675944494, -0.06157527226441951, -0.016960873177351142, 0.039936637356909666, -0.010709686299125026",0.0663375456,0.2655859293,1532096700.64,38.1700000763,0
1532096701449920000,"0.9317141002127324, -0.363192559759666, -0.0, -0.0, 0.0, 0.0, -0.00017315541282133805, -6.749791336684125e-05","1.0, 0.0, 0.0, 0.0, 0.0, 0.4133287876486778, 0.0, 0.1433602876486778","0.9714681271258954, -0.23713385277246674, 0.0020181373540624215, -0.0030614839425835176, -0.0001339665549448671, -0.0005352400640077359, 0.0012297144810743434, -0.0002413754173099525","0.999666605327668, 0.023655844401545355, 0.009977534919220028, 0.002366913123074506, -0.00955511737198425, 0.3915466657204482, -0.0019757191679142874, 0.13066704920618022","-0.9641069251859825, -0.7006457248666628, 0.3336408213650775, 1.1040826720805266, -0.4816699673960199, 1.2540292940963258, 0.2373835269252678","0.8026554472610428, -0.7355437877910559, -0.17564080021287987, 1.217597250384047, 0.4793689962141918, 1.2616991980357528, -0.2331650797585829","-0.010233208498910984, 0.00890233850851901, 0.009499958498162007, -0.05312658809381152, 0.014553762601581931, 0.03978507523302315, 0.01184728893450411, 0.03682869840661837, 0.019992830610406884, -0.025266850178575634, -0.060867545192562086, -0.03558327434180394, 0.03685526503901933, 0.010695882162774142",0.0713526116,0.2646977022,1532096701.45,38.9800000191,0
1532096702259730000,"0.9287418716642823, -0.37072703680406927, -0.0, -0.0, 0.0, 0.0, -0.0001763642352903758, -7.039952902118217e-05","1.0, 0.0, 0.0, 0.0, 0.0, 0.4152277462363243, 0.0, 0.1452592462363243","0.9693832621022074, -0.2455165043842897, -0.0017020289054296128, -0.0033281089167672123, 0.00021127166087646365, 0.0008040054728166157, 0.001291640303207782, 0.00156490956792521","0.9996884546884688, 0.022948572841510494, 0.00920774066791565, 0.0031064426750998147, -0.009411948508389086, 0.392866304546513, -0.0019436281353266299, 0.13236737964559378","-0.9560535260495842, -0.6983447536848346, 0.3286553838044499, 1.0887428642016723, -0.48780589054756157, 1.2616991980357528, 0.2373835269252678","0.7995874856852719, -0.7301748550334569, -0.1721893434401377, 1.206475889671878, 0.482820452986934, 1.2709030827630652, -0.23354857495555426","-0.02863304545527427, 0.04086272093236859, 0.02433945506368425, -0.0792895583526768, 0.03265970722691274, 0.04779813791147265, -0.006583336202029937, 0.0197717863083912, 0.022131396556725264, -0.011048277612626356, -0.0675987538518909, -0.01617719475306501, 0.04258029756192382, -0.014554757842676158",0.0710042275,0.263650269,1532096702.26,39.7899999619,0
1532096703072490000,"0.9257091445897534, -0.37823614267135686, -0.0, -0.0, 0.0, 0.0, -0.00017953672531471462, -7.335703535798935e-05","1.0, 0.0, 0.0, 0.0, 0.0, 0.4171671969413757, 0.0, 0.14719869694137572","0.9679064867251921, -0.2512877263690971, 6.210142030191638e-05, -0.002783700620488242, 7.195407590906977e-05, 0.00028583196127879296, 0.0015213112073489098, -0.0007496392581225197","0.9996747073745091, 0.023850477332252002, 0.008414464533277202, 0.002984721348733973, -0.009791891818028042, 0.39433688750584767, -0.0017469848128732221, 0.13344077597630635","-0.9522185740798705, -0.6910583449423789, 0.3271214030165645, 1.0760875227016178, -0.4916408425172751, 1.267451625990323, 0.23700003172829642","0.7957525337155584, -0.7271068934576861, -0.17027186745528092, 1.1922865673839378, 0.48857288094150425, 1.2801069674903778, -0.23278158456161155","-0.010456539165547054, 0.011883682775435993, 0.009659240097717915, -0.05887323065353381, 0.014793278782928333, 0.042388218730986735, 0.014094409002652984, 0.03676730797503336, 0.023110658539956135, -0.025686172282172223, -0.0674033311139548, -0.03544927859847667, 0.04141334123366746, 0.007505051716014831",0.0728968539,0.2678671648,1532096703.07,40.5999999046,0
1532096703871170000,"0.922603705022106, -0.3857491457922918, -0.0, -0.0, 0.0, 0.0, -0.00018268461004584076, -7.638212581521392e-05","1.0, 0.0, 0.0, 0.0, 0.0, 0.41914729532003403, 0.0, 0.149178795320034","0.9652417161538976, -0.26132759098347375, -0.0034034098352716596, -0.0009908085937958737, 0.0002592579650545074, 0.0009197966743912933, 0.002187115181802873, 0.002457290638221421","0.9996941341694058, 0.022901891838534787, 0.008823891354071602, 0.0027131161313112377, -0.009410646611799467, 0.3954504572871895, -0.0017293990534421938, 0.135071492661893","-0.9437816797465008, -0.6891408689575221, 0.3213689750619942, 1.0622816956106491, -0.4989272512597308, 1.2770390059146068, 0.23700003172829642","0.7903836009579595, -0.7179030087303736, -0.16605342028859604, 1.1823156922626827, 0.4935583185021319, 1.2866263858388909, -0.23239808936464018","-0.027428194413151044, 0.04184899051412743, 0.024091410450513384, -0.08484524224471103, 0.031664552911906584, 0.05117128042964629, -0.003710460429914183, 0.019749458143122733, 0.024140277733965772, -0.011229967753276497, -0.07302691661114163, -0.01605861335790784, 0.04565435108397019, -0.017128824049782443",0.0731866908,0.2634628691,1532096703.87,41.3999998569,0
1532096704682410000,"0.9194936541010582, -0.3931048461516132, -0.0, -0.0, 0.0, 0.0, -0.0001857404106421323, -7.940833003463883e-05","1.0, 0.0, 0.0, 0.0, 0.0, 0.4211673246026039, 0.0, 0.1511988246026039","0.9639534282921107, -0.2660475016732889, -8.96377883400503e-05, -0.0029595056636098236, 2.1419301586000916e-05, 8.518370100429884e-05, 0.001528942811945263, -0.0007274027952161033","0.9996712643123039, 0.02389377129715569, 0.008606550755900647, 0.0032344198090145278, -0.009909822196708253, 0.39667179810886033, -0.0015278339663557993, 0.13657121434723835","-0.9403302229737587, -0.6810874698211237, 0.31906800388016604, 1.0484758685196802, -0.5004612320476163, 1.2850924050510053, 0.235466050940411","0.7884661249731026, -0.7144515519576314, -0.16413594430373926, 1.1627574372171436, 0.49777676566881673, 1.2996652225359169, -0.23048061337978343","-0.010597614416048621, 0.014173341311191884, 0.009729101898993673, -0.06452181607911586, 0.014933103104447546, 0.04493438413521055, 0.01644077989766199, 0.03684327305064071, 0.02682144655637434, -0.02589289919048238, -0.07546461894297019, -0.03541484971418015, 0.04515071009609008, 0.0039806542339829495",0.0758217991,0.2695443332,1532096704.68,42.2100000381,0
1532096705490330000,"0.9162768960187214, -0.40054544039633894, -0.0, -0.0, 0.0, 0.0, -0.00018880437392653426, -8.253480081376356e-05","1.0, 0.0, 0.0, 0.0, 0.0, 0.4232278848409653, 0.0, 0.15325938484096524","0.9612667679144954, -0.2755898140104108, -0.0030601894811451407, -0.0018292907911918775, 0.0001989193547331236, 0.0006683355347910092, 0.0016554867663806892, 0.0010725447759467877","0.9997010096067911, 0.022958327905626637, 0.007726701822709974, 0.003031516856500066, -0.009553326248748288, 0.39819538740863514, -0.0014590079612325495, 0.13849269546808796","-0.9330438142313029, -0.6784030034423242, 0.3144660615165098, 1.0327525654438547, -0.5085146311840146, 1.2939127945813464, 0.235466050940411","0.7838641826094465, -0.7090826192000325, -0.15953400194008302, 1.1508690861110316, 0.5016117176385303, 1.3081021168692866, -0.2281796421979553","-0.027008133704068814, 0.04442381202661051, 0.02393687107474747, -0.09024957968138213, 0.031686191107808945, 0.05345681101314831, -0.0009732879287310953, 0.02045881960914334, 0.025863658216371037, -0.011385714012669119, -0.07910023055055612, -0.016348006122951675, 0.04903720999245564, -0.01980284479656655",0.0751217888,0.2659755544,1532096705.49,43.0199999809,0
1532096706300660000,"0.9130089806767142, -0.4079394577675312, -0.0, -0.0, 0.0, 0.0, -0.00019182138437675021, -8.570727472239029e-05","1.0, 0.0, 0.0, 0.0, 0.0, 0.4253288650989533, 0.0, 0.1553603650989532","0.9597908480007559, -0.28069186693607234, -0.002139242890999141, -0.0022999630299210053, 8.039277056606786e-05, 0.0002563141739541086, 0.002048351995121059, 0.00036218798766188276","0.9996761284934677, 0.024223357511682878, 0.0070754844316878035, 0.002982126426383934, -0.010093422423515484, 0.39974160598636743, -0.0014814185633875258, 0.14001799781992663","-0.9299758526555321, -0.672650575487754, 0.3133155759255958, 1.0151117863831725, -0.5100486119719001, 1.3046506600965444, 0.23201459416766884","0.7796457354427615, -0.7021797056545481, -0.15838351634916897, 1.1320778214594354, 0.507747640790072, 1.3196069727784272, -0.2281796421979553","-0.010219814586007105, 0.01689162820023924, 0.009909268704930195, -0.07076025046048431, 0.014837430655958592, 0.04791704416991692, 0.019208066030365203, 0.03729505281101055, 0.03163641770212094, -0.026383805685110298, -0.08316322131658929, -0.03571344515064192, 0.048915085988607714, 0.00040223055951259766",0.0776003953,0.2714969531,1532096706.3,43.8299999237,0
1532096707112290000,"0.9096733126211907, -0.4153245288985343, -0.0, -0.0, 0.0, 0.0, -0.0001948063248366267, -8.894164967431418e-05","1.0, 0.0, 0.0, 0.0, 0.0, 0.42747036273479466, 0.0, 0.15750186273479458","0.9567345454852421, -0.29095132642416816, 8.029274679405892e-05, -0.0016114125191701019, 0.000228486080083537, 0.0007548223786673081, 0.0023279447325234882, -0.0005145356776641574","0.999692899737378, 0.023184240976447786, 0.007444902257731767, 0.004388825706481846, -0.00990729970435027, 0.4008776300911878, -0.0014214788305593896, 0.14144930885382945","-0.9196214823373056, -0.66306319556347, 0.3071796527740541, 1.0001554737012897, -0.5188690015022412, 1.3134710496268855, 0.23201459416766884","0.775810783473048, -0.6971942680939206, -0.15263108839459866, 1.1194224799593806, 0.5115825927597855, 1.326893381520883, -0.2274126518040126","-0.025571293528427724, 0.04902504082737646, 0.024002895828362507, -0.0990974351580441, 0.031311884962718015, 0.05775692441807858, 0.0038570012695858438, 0.021040118582844894, 0.027877921653856233, -0.011331438542920264, -0.08597467539515088, -0.016244055315537693, 0.052236091410526, -0.022683623958484722",0.07855888,0.2662558618,1532096707.11,44.6399998665,0
1532096707920070000,"0.9062719591245936, -0.42269508644467474, -0.0, -0.0, 0.0, 0.0, -0.00019775628165799166, -9.223567796486381e-05","1.0, 0.0, 0.0, 0.0, 0.0, 0.4296524481415749, 0.0, 0.15968394814157483","0.955018018781383, -0.29653950653486333, 0.0008891547976359836, -0.0006239709283895694, 0.00013442500289490011, 0.0004416744688611196, 0.002572891381823924, -0.000493501180717032","0.9996779990723816, 0.02391235553196657, 0.006789547356160724, 0.004908659262134959, -0.010324597404529843, 0.40262814355069476, -0.0013278787765700255, 0.14311469123214524","-0.9150195399736493, -0.6584612531998139, 0.3052621767891973, 0.9828981898375788, -0.5211699726840693, 1.3245924103390547, 0.22702915660704123","0.7727428218972772, -0.6891408689575221, -0.1507136124097419, 1.099097234519899, 0.5169515255173844, 1.3380147422330522, -0.2247281854252131","-0.010387833353383148, 0.019804411538432976, 0.009776129603796063, -0.07689546306666611, 0.014851983903539269, 0.05127645018677634, 0.022394426050575525, 0.036469243002876434, 0.035404747930898296, -0.02664838051714455, -0.0925556025744921, -0.03494837396378675, 0.053023690979182005, -0.003260714998444436",0.0803104985,0.270793493,1532096707.92,45.4500000477,0
1532096708730210000,"0.9028286805846802, -0.4300004343180661, -0.0, -0.0, 0.0, 0.0, -0.0002006506308242012, -9.556614699560144e-05","1.0, 0.0, 0.0, 0.0, 0.0, 0.431874914431572, 0.0, 0.16190641443157192","0.952563415847128, -0.3043273133360279, 0.00034237176627176344, -0.0019970385778399877, 7.363577337729521e-05, 0.00023546613165720265, 0.0020016739973132344, -0.000415973311361173","0.9997116711138682, 0.022789150973452115, 0.0059948895569176975, 0.004403242901841245, -0.009840076176529575, 0.403965053933995, -0.00146315100529715, 0.14534511022294544","-0.909267112019079, -0.6534758156391862, 0.29950974883462705, 0.9652574107768966, -0.5269224006386396, 1.3349467806572812, 0.22626216621309853","0.7689078699275637, -0.68568941218478, -0.146495165243057, 1.0826069410501307, 0.5184855063052698, 1.3495195981421928, -0.22050973825852824","-0.024944256557926047, 0.05110952712556191, 0.023891364432046962, -0.10483595996037984, 0.03134559244939612, 0.060585144428436113, 0.007260470216219216, 0.022353351359997553, 0.03153791751682844, -0.012074787735746084, -0.09396651083656345, -0.017200653843840875, 0.05563082344908272, -0.025274415592280594",0.079953151,0.2706138656,1532096708.73,46.2599999905,0
1532096709540330000,"0.8993153976405162, -0.43730060092192924, -0.0, -0.0, 0.0, 0.0, -0.000203512763065644, -9.896000203864279e-05","1.0, 0.0, 0.0, 0.0, 0.0, 0.4341378887295723, 0.0, 0.16416938872957226","0.9501865847236108, -0.31165986654755345, -0.002040079727838886, -0.002389016228604702, 0.0003026643485147529, 0.000899806627386035, 0.002353468203049252, 0.0009848101589552405","0.9996838528347651, 0.02367910247164977, 0.00656833877837663, 0.005143287750709198, -0.010342987077370736, 0.40519926840346354, -0.0015676745937609252, 0.14684365872472552","-0.9046651696554228, -0.6465729020937019, 0.298359263243713, 0.9449321653374149, -0.5319078381992672, 1.3464516365664219, 0.22204371904641365","0.7646894227608787, -0.6730340706847253, -0.14381069886425754, 1.0630486860045918, 0.5246214294568115, 1.3621749396422473, -0.22089323345549958","-0.010341987522479265, 0.0230591530290111, 0.009956941576446166, -0.0851435882387483, 0.0153592720655416, 0.054285804026058045, 0.02606710141705329, 0.037115568682943204, 0.0412117222480805, -0.026838835033295184, -0.10316075536690145, -0.035003339643467926, 0.057474229046759515, -0.008172387117393052",0.0832868026,0.2714696383,1532096709.54,47.0699999332,0
1532096710342040000,"0.895743386503645, -0.44457146279870646, -0.0, -0.0, 0.0, 0.0, -0.00020633260303085611, -0.00010240610037941848","1.0, 0.0, 0.0, 0.0, 0.0, 0.4364413676738739, 0.0, 0.16647286767387387","0.9474354487129368, -0.31992563117794576, -0.0011222705720214236, -0.0029489254430505865, 0.00020057415386859345, 0.0005898005827090769, 0.002069711765340848, -0.0003336933562556321","0.9997056435603267, 0.02286831697949637, 0.006547919372742444, 0.00457118070311261, -0.009970950882980185, 0.406531559956738, -0.0012922184850260971, 0.14871095253494987","-0.8969952657159956, -0.6362185317754754, 0.2918398448952, 0.9246069198979331, -0.5376602661538376, 1.3571895020816198, 0.22127672865247094","0.7612379659881365, -0.6688156235180404, -0.13959225169757264, 1.0461748973378522, 0.5276893910325823, 1.3732963003544167, -0.21552430069790063","-0.02456963066561261, 0.055619151203631596, 0.02382885192114783, -0.11495429504369352, 0.03135613118277426, 0.06444951199937175, 0.011627907420349267, 0.022725224063088703, 0.03637040761579928, -0.012259572799202829, -0.10490531284977977, -0.017101403709416974, 0.060299734956464415, -0.030383527511178475",0.0839838355,0.270226753,1532096710.34,47.8699998856,0
1532096711151950000,"0.8921500783486481, -0.4517391257158283, -0.0, -0.0, 0.0, 0.0, -0.0002090815015765781, -0.00010586816839200594","1.0, 0.0, 0.0, 0.0, 0.0, 0.4387849363923073, 0.0, 0.16881643639230726","0.94561899685017, -0.3252485019156355, 0.0025206058718617217, -0.0028415442418250184, -1.0965980539456854e-05, -1.3900664804500362e-05, 0.0015669205915827544, -0.0006682563101055861","0.9997008603299212, 0.02292723242562321, 0.006194298300403923, 0.005680924543468584, -0.010207321610021523, 0.408214199681821, -0.001669791702761159, 0.15057224242606626","-0.8931603137462821, -0.6293156182299909, 0.28953887371337184, 0.9046651696554228, -0.5407282277296084, 1.37137882436956, 0.21360682471304387","0.7589369948063085, -0.6599952339876992, -0.13729128051574452, 1.0216312047316856, 0.5315243430022959, 1.3848011562635572, -0.2116893487281871","-0.024138087614006796, 0.058461856085983914, 0.02422341690452676, -0.12006687345709566, 0.03166396677463882, 0.06733186697100056, 0.014474675590160368, 0.024460241549952626, 0.03886332023956225, -0.012756556556140875, -0.11018197114239836, -0.017874504125885506, 0.06191804722376112, -0.030955840484388465",0.0855538621,0.2750280132,1532096711.15,48.6800000668,0
1532096711960820000,"0.8884630987364616, -0.4589480604421425, -0.0, -0.0, 0.0, 0.0, -0.00021181441678366932, -0.0001094157043717399","1.0, 0.0, 0.0, 0.0, 0.0, 0.4411689905762673, 0.0, 0.1712004905762672","0.9430398765357623, -0.3326580664610711, 0.001434092279856235, -0.002942303694350801, 5.212659873254921e-05, 0.00015826787982026191, 0.002241443410451169, -9.420814058769267e-05","0.9996645132550308, 0.024231695462731746, 0.006120546516790063, 0.00665888232250503, -0.010936651326234607, 0.40980142577544054, -0.0018369889672966025, 0.15228415256620303","-0.8885583713826259, -0.6224127046845066, 0.28877188331942916, 0.8835729338219983, -0.5453301700932646, 1.3832671754756718, 0.20823789195544493","0.7528010716547668, -0.6461894068967305, -0.13230584295511694, 0.9955535313376335, 0.5368932757598948, 1.39975746894544, -0.21015536794030168","-0.0102439652209322, 0.02838788187032588, 0.010110072779488641, -0.0963565466735292, 0.015914723703606845, 0.059283074447756726, 0.032054557449664185, 0.038370128442125194, 0.04973843696443454, -0.027858549478884956, -0.12214819287465155, -0.03553558241497607, 0.0649521254585433, -0.014996528190344628",0.088878042,0.2755225549,1532096711.96,49.4900000095,0
1532096712769950000,"0.8847210709402641, -0.46612082836353935, -0.0, -0.0, 0.0, 0.0, -0.00021450109301967174, -0.00011301124212736742","1.0, 0.0, 0.0, 0.0, 0.0, 0.4435934958815575, 0.0, 0.17362499588155744","0.9392687220469107, -0.34315579982198957, -0.0014025299843000829, -0.0035659186648367013, 0.00010313653478813412, 0.00027922557073684073, 0.0009836316819587763, -9.100761625738252e-05","0.9996804567989356, 0.02374575951801828, 0.006859971517963359, 0.005116756719898075, -0.010547395576166397, 0.4109882713441756, -0.0009386418093898785, 0.1546361632860626","-0.8808884674431988, -0.6105243535783946, 0.28186896977394477, 0.8571117652309749, -0.5526165788357204, 1.3963060121726978, 0.2067039111675595","0.7512670908668814, -0.6396699885482175, -0.12885438618237474, 0.979830228261808, 0.5434126941084079, 1.4124128104454947, -0.2024854640008746","-0.010788858860279308, 0.03143205345573922, 0.010030800290450493, -0.10258317388621255, 0.015681454146019437, 0.060663247545281546, 0.032687438284554955, 0.037977045697750976, 0.052731965224815804, -0.027211486215409107, -0.12855808165109642, -0.034785752193123506, 0.0674928915952951, -0.019420257164166604",0.0900320971,0.2693927563,1532096712.77,50.2999999523,0
1532096713583610000,"0.8809206099977622, -0.47326406886765715, -0.0, -0.0, 0.0, 0.0, -0.00021714358231064877, -0.00011665779427398993","1.0, 0.0, 0.0, 0.0, 0.0, 0.4460584578752518, 0.0, 0.17608995787525175","0.9371752066819733, -0.34884952010208475, -0.0009702589675444737, -0.0014240420681472005, 0.00019705039342290953, 0.0005242804299260828, 0.0022029734907705913, -0.00025398686499272793","0.9997042653403758, 0.022787396388045972, 0.006350368150796801, 0.005468983905618055, -0.010259756508639879, 0.41276571159936637, -0.000696201122119638, 0.1563887562340959","-0.872451573109829, -0.6009369736541108, 0.27880100819817394, 0.833335063018751, -0.5583690067902906, 1.4093448488697238, 0.20210196880390327","0.7485826244880819, -0.6343010557906186, -0.12655341500054662, 0.961422458807183, 0.5453301700932646, 1.4231506759606927, -0.19596604565236161","-0.023865999500767288, 0.06464733718867205, 0.024067653179417964, -0.13535575782666864, 0.03159515096752925, 0.07300563842970728, 0.02026335938759976, 0.024454430055655698, 0.04690007426682369, -0.013499698793568243, -0.12855829623249407, -0.01789889551510554, 0.06952763338397426, -0.03975500502562479",0.0905729899,0.2733890687,1532096713.58,51.1099998951,0
1532096714382630000,"0.8770399557435208, -0.48041743934770226, -0.0, -0.0, 0.0, 0.0, -0.0002197557858852346, -0.00012037594324573767","1.0, 0.0, 0.0, 0.0, 0.0, 0.44856411094665527, 0.0, 0.17859561094665524","0.9347108980221553, -0.35539599328322463, -0.0019166748028546683, -0.0013730436909473198, 0.0001681706891415724, 0.00042835881480524085, 0.0018846818144962127, 0.0009771336941694075","0.999705770192874, 0.022756118062955615, 0.0057675618131494254, 0.005949213182758254, -0.010373132987080029, 0.4145590455849962, -0.0012298900416310796, 0.15857891701297266","-0.8682331259431442, -0.5944175553055978, 0.27496605622846043, 0.8084078752156131, -0.5622039587600042, 1.4231506759606927, 0.19328157927356213","0.7451311677153397, -0.6220292094875353, -0.12463593901568987, 0.9334273094282742, 0.5499321124569209, 1.4388739790365181, -0.190980608091734","-0.023302721307681466, 0.0669741352368174, 0.024367143959298412, -0.14119462644603045, 0.03185891207933557, 0.07540369275170573, 0.023420303703363735, 0.025975104333808792, 0.05096596655642056, -0.01401380571421185, -0.1355392561109177, -0.01851001644960564, 0.07212471366149095, -0.04151387567631571",0.0918587641,0.2756914472,1532096714.38,51.9100000858,0
